ID,Zip_Code,Total_Crime,Chance_of_being_a_victim,Year-over-year_crime,Median_household_income,Income_per_capita,Unemployment_rate,Median_home_value,Median_rent_price,Home_ownership,High_school_grad._rates,School_test_scores,Student_teacher_ratio,Overall_user_rating,User_reviews_rating,User_surveys_rating,liv_score,City,Cost_of_living_city,Cost_of_living_California,Cost_of_living_San_Francisco,Cost_of_living_Sacramento,Cost_of_living_United_States,Cost_of_living_Palo_alto,Cost_of_living_San_Mateo,Cost_of_living_Oakland,Cost_of_living_Davis
0,94002,1698,1 in 59,11.00%,120169,61617,3.00%,1074600,1784,60.00%,94.00%,72.00%,20:01,73%,90%,63%,76,Belmont,232,140,,,100,,,,
1,94005,2131,1 in 47,-27.00%,91127,49198,4.00%,699800,1698,71.00%,92.00%,55.00%,19:01,86%,0%,86%,86,Brisbane,189,140,,,100,,,,
2,94010,855,1 in 117,26.00%,216292,116164,3.00%,2000001,2483,92.00%,97.00%,87.00%,16:01,83%,80%,86%,81,Hillsborough,344,140,,,100,,,,
3,94002,1698,1 in 59,11.00%,120169,61617,3.00%,1074600,1784,60.00%,94.00%,72.00%,20:01,73%,90%,63%,76,Belmont,232,140,,,100,,,,
4,94005,2131,1 in 47,-27.00%,91127,49198,4.00%,699800,1698,71.00%,92.00%,55.00%,19:01,86%,0%,86%,86,Brisbane,189,140,,,100,,,,
5,94010,855,1 in 117,26.00%,216292,116164,3.00%,2000001,2483,92.00%,97.00%,87.00%,16:01,83%,80%,86%,84,Hillsborough,344,140,,,100,,,,
6,94011,3162,1 in 32,0.00%,102443,64525,3.00%,1447400,1789,47.00%,94.00%,73.00%,20:01,90%,90%,0%,81,Burlingame,275,140,,,100,,,,
7,94002,1698,1 in 59,11.00%,120169,61617,3.00%,1074600,1784,60.00%,94.00%,72.00%,20:01,73%,90%,63%,76,Belmont,232,140,,,100,,,,
8,94005,2131,1 in 47,-27.00%,91127,49198,4.00%,699800,1698,71.00%,92.00%,55.00%,19:01,86%,0%,86%,86,Brisbane,189,140,,,100,,,,
9,94010,855,1 in 117,26.00%,216292,116164,3.00%,2000001,2483,92.00%,97.00%,87.00%,16:01,83%,80%,86%,84,Hillsborough,344,140,,,100,,,,
10,94011,3162,1 in 32,0.00%,102443,64525,3.00%,1447400,1789,47.00%,94.00%,73.00%,20:01,90%,90%,0%,81,Hillsborough,275,140,,,100,,,,
11,94002,1698,1 in 59,11.00%,120169,61617,3.00%,1074600,1784,60.00%,94.00%,72.00%,20:01,73%,90%,63%,76,Belmont,232,140,,,100,,,,
12,94005,2131,1 in 47,-27.00%,91127,49198,4.00%,699800,1698,71.00%,92.00%,55.00%,19:01,86%,0%,86%,86,Brisbane,189,140,,,100,,,,
13,94010,855,1 in 117,26.00%,216292,116164,3.00%,2000001,2483,92.00%,97.00%,87.00%,16:01,83%,80%,86%,84,Hillsborough,344,140,,,100,,,,
14,94011,3162,1 in 32,0.00%,102443,64525,3.00%,1447400,1789,47.00%,94.00%,73.00%,20:01,90%,90%,0%,55,Burlingame,275,140,,,100,,,,
15,94014,25984,1 in 4,1.00%,92589,37253,5.00%,587700,1469,54.00%,85.00%,n/a,23:01,n/a,n/a,n/a,68,Colma,174,140,,,100,,,,
16,94015,1640,1 in 61,-4.00%,79346,30377,5.00%,611800,1769,56.00%,83.00%,40.00%,22:01,68%,90%,55%,68,Daly City,179,140,,,100,,,,
17,94016,1640,1 in 61,-4.00%,79346,30377,5.00%,611800,1769,56.00%,83.00%,40.00%,22:01,68%,90%,55%,68,Daly City,179,140,,,100,,,,
18,94017,1640,1 in 61,-4.00%,79346,30377,5.00%,611800,1769,56.00%,83.00%,40.00%,22:01,68%,90%,55%,62,Daly City,179,140,,,100,,,,
19,94018,919,1 in 109,-4.00%,125896,62744,5.00%,857900,1887,81.00%,92.00%,35.00%,20:01,n/a,n/a,n/a,74,El Granada,209,140,,,100,,,,
20,94019,1077,1 in 93,-4.00%,106211,64853,3.00%,774000,2032,71.00%,85.00%,51.00%,20:01,64%,75%,12%,71,Half Moon Bay,200,140,,,100,,,,
21,94020,n/a,1 in n/a,0.00%,0,61185,4.00%,610100,1574,63.00%,96.00%,55.00%,n/a,100%,0%,100%,51,La Honda,177,140,,,100,,,,
22,94021,n/a,1 in n/a,0.00%,0,15825,10.00%,0,0,35.00%,50.00%,n/a,n/a,n/a,n/a,n/a,83,Loma Mar,133,140,,,100,,,,
23,94022,635,1 in 158,-11.00%,243701,140161,2.00%,2000001,1962,90.00%,98.00%,85.00%,n/a,n/a,n/a,n/a,87,Los Altos Hills,336,140,,,100,,,,
24,94023,958,1 in 105,-11.00%,187656,96464,2.00%,2000001,2611,83.00%,98.00%,86.00%,20:01,86%,80%,87%,87,Los Altos,342,140,,,100,,,,
25,94024,958,1 in 105,-11.00%,187656,96464,2.00%,2000001,2611,83.00%,98.00%,86.00%,20:01,86%,80%,87%,81,Los Altos,342,140,,,100,,,,
26,94025,1871,1 in 54,-10.00%,126045,74162,2.00%,1581700,1934,58.00%,92.00%,54.00%,17:01,81%,90%,77%,81,Menlo Park,288,140,,,100,,,,
27,94026,1871,1 in 54,-10.00%,126045,74162,2.00%,1581700,1934,58.00%,92.00%,54.00%,17:01,81%,90%,77%,73,Menlo Park,288,140,,,100,,,,
28,94027,1537,1 in 66,41.00%,250001,146572,3.00%,2000001,3095,93.00%,97.00%,66.00%,18:01,31%,0%,31%,71,Atherton,347,140,,,100,,,,
29,94028,734,1 in 137,-4.00%,232981,142953,3.00%,2000001,3114,84.00%,96.00%,82.00%,14:01,63%,50%,73%,82,Portola Valley,350,140,,,100,,,,
30,94030,1187,1 in 85,-4.00%,98533,46539,3.00%,1037400,1936,62.00%,90.00%,63.00%,21:01,86%,90%,82%,83,Millbrae,229,140,,,100,,,,
31,94035,2739,1 in 37,5.00%,109249,61668,3.00%,973000,1912,41.00%,92.00%,n/a,n/a,92%,90%,94%,70,Mountain View,219,140,,,100,,,,
32,94037,443,1 in 226,-4.00%,101410,46224,2.00%,824800,1682,87.00%,98.00%,40.00%,21:01,86%,0%,86%,70,Montara,203,140,,,100,,,,
33,94038,443,1 in 226,-4.00%,101410,46224,2.00%,824800,1682,87.00%,98.00%,40.00%,21:01,86%,0%,86%,83,Montara,203,140,,,100,,,,
34,94039,2739,1 in 37,5.00%,109249,61668,3.00%,973000,1912,41.00%,92.00%,n/a,n/a,92%,90%,94%,83,Mountain View,219,140,,,100,,,,
35,94040,2739,1 in 37,5.00%,109249,61668,3.00%,973000,1912,41.00%,92.00%,n/a,n/a,92%,90%,94%,83,Mountain View,219,140,,,100,,,,
36,94041,2739,1 in 37,5.00%,109249,61668,3.00%,973000,1912,41.00%,92.00%,n/a,n/a,92%,90%,94%,83,Mountain View,219,140,,,100,,,,
37,94042,2739,1 in 37,5.00%,109249,61668,3.00%,973000,1912,41.00%,92.00%,n/a,n/a,92%,90%,94%,83,Mountain View,219,140,,,100,,,,
38,94043,2739,1 in 37,5.00%,109249,61668,3.00%,973000,1912,41.00%,92.00%,n/a,n/a,92%,90%,94%,77,Mountain View,219,140,,,100,,,,
39,94044,1202,1 in 84,-23.00%,103545,46043,3.00%,680500,1937,68.00%,92.00%,54.00%,23:01,81%,90%,76%,60,Pacifica,189,140,,,100,,,,
40,94060,842,1 in 119,-4.00%,58468,19786,2.00%,685000,715,47.00%,60.00%,39.00%,n/a,75%,0%,75%,74,Pescadero,178,140,,,100,,,,
41,94061,1623,1 in 62,-12.00%,90461,46318,3.00%,924300,1807,51.00%,83.00%,43.00%,18:01,71%,80%,68%,78,Redwood City,212,140,,,100,,,,
42,94062,919,1 in 109,-4.00%,223934,143092,2.00%,2000001,1811,89.00%,97.00%,65.00%,17:01,89%,0%,89%,74,Woodside,338,140,,,100,,,,
43,94063,1623,1 in 62,-12.00%,90461,46318,3.00%,924300,1807,51.00%,83.00%,43.00%,18:01,71%,80%,68%,75,Redwood City,212,140,,,100,,,,
44,94064,734,1 in 137,-4.00%,171522,79893,2.00%,1376700,2333,90.00%,98.00%,n/a,n/a,n/a,n/a,n/a,74,Emerald Lake Hills,272,140,,,100,,,,
45,94065,1623,1 in 62,-12.00%,90461,46318,3.00%,924300,1807,51.00%,83.00%,43.00%,18:01,71%,80%,68%,72,Redwood City,212,140,,,100,,,,
46,94066,2538,1 in 40,-11.00%,89000,39000,4.00%,668700,1834,56.00%,88.00%,45.00%,20:01,76%,90%,59%,85,San Bruno,187,140,,,100,,,,
47,94070,1221,1 in 82,-4.00%,135220,69738,4.00%,1107600,1849,71.00%,96.00%,72.00%,21:01,92%,100%,88%,70,San Carlos,237,140,,,100,,,,
48,94080,2391,1 in 42,-12.00%,85076,34593,5.00%,644500,1607,60.00%,82.00%,43.00%,21:01,74%,70%,76%,70,South San Francisco,182,140,,,100,,,,
49,94083,2391,1 in 42,-12.00%,85076,34593,5.00%,644500,1607,60.00%,82.00%,43.00%,21:01,74%,70%,76%,79,South San Francisco,182,140,,,100,,,,
50,94085,1796,1 in 56,-3.00%,109799,53133,4.00%,859100,1949,46.00%,90.00%,56.00%,20:01,73%,60%,80%,79,Sunnyvale,206,140,,,100,,,,
51,94086,1796,1 in 56,-3.00%,109799,53133,4.00%,859100,1949,46.00%,90.00%,56.00%,20:01,73%,60%,80%,79,Sunnyvale,206,140,,,100,,,,
52,94087,1796,1 in 56,-3.00%,109799,53133,4.00%,859100,1949,46.00%,90.00%,56.00%,20:01,73%,60%,80%,79,Sunnyvale,206,140,,,100,,,,
53,94088,1796,1 in 56,-3.00%,109799,53133,4.00%,859100,1949,46.00%,90.00%,56.00%,20:01,73%,60%,80%,79,Sunnyvale,206,140,,,100,,,,
54,94089,1796,1 in 56,-3.00%,109799,53133,4.00%,859100,1949,46.00%,90.00%,56.00%,20:01,73%,60%,80%,54,Sunnyvale,206,140,,,100,,,,
55,94102,8043,1 in 13,-10.00%,43555,40930,4.00%,278081,1094,5.00%,79.00%,27.00%,n/a,n/a,n/a,n/a,68,Downtown,135,,206,,100,,,,
56,94103,4468,1 in 23,-10.00%,101937,71262,4.00%,524714,1588,28.00%,87.00%,33.00%,17:01,100%,0%,100%,65,South Of Market,168,,206,,100,,,,
57,94104,2490,1 in 41,-10.00%,101601,91249,5.00%,654150,1643,19.00%,84.00%,36.00%,17:01,n/a,n/a,n/a,65,Financial District,183,,206,,100,,,,
58,94105,2490,1 in 41,-10.00%,101601,91249,5.00%,654150,1643,19.00%,84.00%,36.00%,17:01,n/a,n/a,n/a,68,Financial District,183,,206,,100,,,,
59,94107,4468,1 in 23,-10.00%,101937,71262,4.00%,524714,1588,28.00%,87.00%,33.00%,17:01,100%,0%,100%,65,South Of Market,168,,206,,100,,,,
60,94108,2490,1 in 41,-10.00%,101601,91249,5.00%,654150,1643,19.00%,84.00%,36.00%,17:01,n/a,n/a,n/a,64,Financial District,183,,206,,100,,,,
61,94109,4184,1 in 24,-10.00%,79561,63680,2.00%,924939,1387,17.00%,85.00%,40.00%,21:01,n/a,n/a,n/a,57,Nob Hill,211,,206,,100,,,,
62,94110,10318,1 in 10,-10.00%,97270,55579,5.00%,867014,1561,24.00%,83.00%,31.00%,18:01,73%,80%,65%,65,Mission,207,,206,,100,,,,
63,94111,2490,1 in 41,-10.00%,101601,91249,5.00%,654150,1643,19.00%,84.00%,36.00%,17:01,n/a,n/a,n/a,58,Financial District,183,,206,,100,,,,
64,94112,3152,1 in 32,-10.00%,86739,35202,5.00%,704303,1546,67.00%,81.00%,39.00%,19:01,n/a,n/a,n/a,60,Outer Mission,188,,206,,100,,,,
65,94114,8419,1 in 12,-10.00%,127427,90182,3.00%,1067308,1842,40.00%,97.00%,39.00%,15:01,82%,0%,82%,60,Castro-Upper Market,232,,206,,100,,,,
66,94115,8407,1 in 12,-10.00%,88050,66008,4.00%,798807,1560,21.00%,92.00%,42.00%,18:01,n/a,n/a,n/a,74,Western Addition,199,,206,,100,,,,
67,94116,3337,1 in 30,-10.00%,92322,44891,4.00%,854611,1451,59.00%,84.00%,75.00%,22:01,73%,0%,73%,71,Parkside,204,,206,,100,,,,
68,94117,4986,1 in 21,-10.00%,129402,77737,4.00%,1251521,1882,29.00%,96.00%,74.00%,20:01,n/a,n/a,n/a,72,Haight-Ashbury,253,,206,,100,,,,
69,94118,2912,1 in 35,-10.00%,98249,57405,4.00%,1216510,1785,31.00%,89.00%,61.00%,22:01,n/a,n/a,n/a,74,Inner Richmond,248,,206,,100,,,,
70,94119,3269,1 in 31,-10.00%,137831,93023,4.00%,1506982,2112,37.00%,96.00%,n/a,n/a,n/a,n/a,n/a,65,Presidio Heights,285,,206,,100,,,,
71,94120,2490,1 in 41,-10.00%,101601,91249,5.00%,654150,1643,19.00%,84.00%,36.00%,17:01,n/a,n/a,n/a,78,Financial District,183,,206,,100,,,,
72,94121,2394,1 in 42,-10.00%,88321,46998,3.00%,1024713,1700,40.00%,86.00%,66.00%,21:01,85%,0%,85%,75,Outer Richmond,226,,206,,100,,,,
73,94122,1544,1 in 65,-10.00%,97155,42521,4.00%,833912,1619,59.00%,86.00%,71.00%,22:01,65%,0%,65%,73,Outer Sunset,203,,206,,100,,,,
74,94123,6591,1 in 16,-10.00%,129602,98194,3.00%,1454491,2140,24.00%,97.00%,60.00%,n/a,85%,0%,85%,55,Marina,279,,206,,100,,,,
75,94124,7119,1 in 15,-10.00%,63752,27110,7.00%,567431,1117,52.00%,73.00%,20.00%,17:01,90%,0%,90%,55,Bayview,168,,206,,100,,,,
76,94125,7119,1 in 15,-10.00%,63752,27110,7.00%,567431,1117,52.00%,73.00%,20.00%,17:01,90%,0%,90%,65,Bayview,168,,206,,100,,,,
77,94126,2490,1 in 41,-10.00%,101601,91249,5.00%,654150,1643,19.00%,84.00%,36.00%,17:01,n/a,n/a,n/a,72,Financial District,183,,206,,100,,,,
78,94127,3082,1 in 33,-10.00%,153714,71943,4.00%,1095080,1911,83.00%,95.00%,61.00%,n/a,73%,0%,73%,63,West Of Twin Peaks,236,,206,,100,,,,
79,94128,6225,1 in 17,-10.00%,87701,55567,4.00%,858800,1632,37.00%,86.00%,46.00%,19:01,53%,56%,52%,63,California,140,,206,,100,,,,
80,94129,6225,1 in 17,-10.00%,87701,55567,4.00%,858800,1632,37.00%,86.00%,46.00%,19:01,53%,56%,52%,63,California,140,,206,,100,,,,
81,94130,6225,1 in 17,-10.00%,87701,55567,4.00%,858800,1632,37.00%,86.00%,46.00%,19:01,53%,56%,52%,74,California,140,,206,,100,,,,
82,94131,4382,1 in 23,-10.00%,111872,66121,4.00%,973900,1760,70.00%,93.00%,n/a,n/a,88%,0%,88%,70,Diamond Heights,221,,206,,100,,,,
83,94132,4595,1 in 22,-10.00%,100506,49038,6.00%,745567,1388,33.00%,94.00%,66.00%,n/a,77%,0%,77%,72,Lakeshore,191,,206,,100,,,,
84,94133,8074,1 in 13,-10.00%,100085,75872,3.00%,1025593,1914,24.00%,85.00%,59.00%,18:01,100%,0%,100%,57,Russian Hill,228,,206,,100,,,,
85,94134,2592,1 in 39,-10.00%,74182,29374,5.00%,646360,1511,63.00%,73.00%,32.00%,17:01,n/a,n/a,n/a,65,Excelsior,181,,206,,100,,,,
86,94137,2490,1 in 41,-10.00%,101601,91249,5.00%,654150,1643,19.00%,84.00%,36.00%,17:01,n/a,n/a,n/a,62,Financial District,183,,206,,100,,,,
87,94139,7104,1 in 15,-10.00%,35896,34939,4.00%,557736,848,5.00%,50.00%,58.00%,n/a,n/a,n/a,n/a,57,Chinatown,165,,206,,100,,,,
88,94140,10318,1 in 10,-10.00%,97270,55579,5.00%,867014,1561,24.00%,83.00%,31.00%,18:01,73%,80%,65%,57,Mission,207,,206,,100,,,,
89,94141,10318,1 in 10,-10.00%,97270,55579,5.00%,867014,1561,24.00%,83.00%,31.00%,18:01,73%,80%,65%,54,Mission,207,,206,,100,,,,
90,94142,8043,1 in 13,-10.00%,43555,40930,4.00%,278081,1094,5.00%,79.00%,27.00%,n/a,n/a,n/a,n/a,72,Downtown,135,,206,,100,,,,
91,94143,2277,1 in 44,-10.00%,112050,61360,3.00%,1007320,1767,42.00%,92.00%,73.00%,20:01,41%,0%,41%,72,Inner Sunset,224,,206,,100,,,,
92,94144,2912,1 in 35,-10.00%,98249,57405,4.00%,1216510,1785,31.00%,89.00%,61.00%,22:01,n/a,n/a,n/a,65,Inner Richmond,248,,206,,100,,,,
93,94145,2490,1 in 41,-10.00%,101601,91249,5.00%,654150,1643,19.00%,84.00%,36.00%,17:01,n/a,n/a,n/a,60,Financial District,183,,206,,100,,,,
94,94146,8419,1 in 12,-10.00%,127427,90182,3.00%,1067308,1842,40.00%,97.00%,39.00%,15:01,82%,0%,82%,73,Castro-Upper Market,232,,206,,100,,,,
95,94147,6591,1 in 16,-10.00%,129602,98194,3.00%,1454491,2140,24.00%,97.00%,60.00%,n/a,85%,0%,85%,65,Marina,279,,206,,100,,,,
96,94151,2490,1 in 41,-10.00%,101601,91249,5.00%,654150,1643,19.00%,84.00%,36.00%,17:01,n/a,n/a,n/a,68,Financial District,183,,206,,100,,,,
97,94158,4468,1 in 23,-10.00%,101937,71262,4.00%,524714,1588,28.00%,87.00%,33.00%,17:01,100%,0%,100%,74,South Of Market,168,,206,,100,,,,
98,94159,3269,1 in 31,-10.00%,137831,93023,4.00%,1506982,2112,37.00%,96.00%,n/a,n/a,n/a,n/a,n/a,56,Presidio Heights,285,,206,,100,,,,
99,94160,2783,1 in 36,-10.00%,62162,23597,7.00%,541511,1156,56.00%,70.00%,31.00%,18:01,73%,0%,73%,65,Visitacion Valley,166,,206,,100,,,,
100,94161,2490,1 in 41,-10.00%,101601,91249,5.00%,654150,1643,19.00%,84.00%,36.00%,17:01,n/a,n/a,n/a,65,Financial District,183,,206,,100,,,,
101,94163,2490,1 in 41,-10.00%,101601,91249,5.00%,654150,1643,19.00%,84.00%,36.00%,17:01,n/a,n/a,n/a,60,Financial District,183,,206,,100,,,,
102,94164,8407,1 in 12,-10.00%,88050,66008,4.00%,798807,1560,21.00%,92.00%,42.00%,18:01,n/a,n/a,n/a,75,Western Addition,199,,206,,100,,,,
103,94172,1544,1 in 65,-10.00%,97155,42521,4.00%,833912,1619,59.00%,86.00%,71.00%,22:01,65%,0%,65%,65,Outer Sunset,203,,206,,100,,,,
104,94177,2490,1 in 41,-10.00%,101601,91249,5.00%,654150,1643,19.00%,84.00%,36.00%,17:01,n/a,n/a,n/a,55,Financial District,183,,206,,100,,,,
105,94188,7119,1 in 15,-10.00%,63752,27110,7.00%,567431,1117,52.00%,73.00%,20.00%,17:01,90%,0%,90%,78,Bayview,168,,206,,100,,,,
106,94203,n/a,1 in n/a,2.00%,26875,25485,13.00%,0,794,5.00%,80.00%,n/a,n/a,n/a,n/a,n/a,53,Alkali Flat,104,,,119,100,,,,
107,94204,3835,1 in 27,2.00%,50356,36263,11.00%,241350,950,13.00%,61.00%,n/a,n/a,n/a,n/a,n/a,54,Erikson Industrial Park,116,,,119,100,,,,
108,94205,3237,1 in 31,2.00%,40600,16049,9.00%,138067,1070,45.00%,70.00%,22.00%,n/a,37%,0%,37%,53,Parkway,105,,,119,100,,,,
109,94206,4460,1 in 23,-4.00%,34199,15584,8.00%,168300,888,40.00%,69.00%,18.00%,n/a,70%,70%,0%,71,Parkway,107,140,,,100,,,,
110,94207,3337,1 in 30,2.00%,39181,39306,6.00%,305667,802,12.00%,90.00%,n/a,n/a,n/a,n/a,n/a,78,Mansion Flats,122,,,119,100,,,,
111,94208,n/a,1 in n/a,2.00%,26875,25485,13.00%,0,794,5.00%,80.00%,n/a,n/a,n/a,n/a,n/a,78,Alkali Flat,104,,,119,100,,,,
112,94209,n/a,1 in n/a,2.00%,26875,25485,13.00%,0,794,5.00%,80.00%,n/a,n/a,n/a,n/a,n/a,76,Alkali Flat,104,,,119,100,,,,
113,94211,n/a,1 in n/a,2.00%,12136,6433,15.00%,0,301,3.00%,61.00%,n/a,n/a,n/a,n/a,n/a,76,Richards,89,,,119,100,,,,
114,94229,n/a,1 in n/a,2.00%,12136,6433,15.00%,0,301,3.00%,61.00%,n/a,n/a,n/a,n/a,n/a,54,Richards,89,,,119,100,,,,
115,94230,3237,1 in 31,2.00%,40600,16049,9.00%,138067,1070,45.00%,70.00%,22.00%,n/a,37%,0%,37%,67,Parkway,105,,,119,100,,,,
116,94232,5258,1 in 20,2.00%,88895,55405,4.00%,456717,1278,72.00%,95.00%,41.00%,n/a,86%,0%,86%,78,Land Park,143,,,119,100,,,,
117,94234,n/a,1 in n/a,2.00%,26875,25485,13.00%,0,794,5.00%,80.00%,n/a,n/a,n/a,n/a,n/a,78,Alkali Flat,104,,,119,100,,,,
118,94235,n/a,1 in n/a,2.00%,26875,25485,13.00%,0,794,5.00%,80.00%,n/a,n/a,n/a,n/a,n/a,78,Alkali Flat,104,,,119,100,,,,
119,94236,n/a,1 in n/a,2.00%,26875,25485,13.00%,0,794,5.00%,80.00%,n/a,n/a,n/a,n/a,n/a,78,Alkali Flat,104,,,119,100,,,,
120,94237,n/a,1 in n/a,2.00%,26875,25485,13.00%,0,794,5.00%,80.00%,n/a,n/a,n/a,n/a,n/a,67,Alkali Flat,104,,,119,100,,,,
121,94239,5258,1 in 20,2.00%,88895,55405,4.00%,456717,1278,72.00%,95.00%,41.00%,n/a,86%,0%,86%,78,Land Park,143,,,119,100,,,,
122,94240,n/a,1 in n/a,2.00%,26875,25485,13.00%,0,794,5.00%,80.00%,n/a,n/a,n/a,n/a,n/a,76,Alkali Flat,104,,,119,100,,,,
123,94244,n/a,1 in n/a,2.00%,12136,6433,15.00%,0,301,3.00%,61.00%,n/a,n/a,n/a,n/a,n/a,78,Richards,89,,,119,100,,,,
124,94245,n/a,1 in n/a,2.00%,26875,25485,13.00%,0,794,5.00%,80.00%,n/a,n/a,n/a,n/a,n/a,,Alkali Flat,104,,,119,100,,,,
125,94247,n/a,1 in n/a,2%,"$26,875","$25,485",13%,$0,$794,5%,80%,n/a,n/a,n/a,n/a,n/a,78,,104,,,119,100,,,,
126,94248,n/a,1 in n/a,2%,"$26,875","$25,485",13%,$0,$794,5%,80%,n/a,n/a,n/a,n/a,n/a,78,,104,,,119,100,,,,
127,94249,"10,739",1 in 10,2%,"$36,227","$42,857",6%,"$288,880",$805,9%,93%,n/a,n/a,72%,0%,72%,70,,120,,,119,100,,,,
128,94250,"3,086",1 in 33,2%,"$36,805","$44,012",3%,"$290,400",$876,9%,83%,n/a,n/a,84%,0%,84%,75,,121,,,119,100,,,,
129,94252,n/a,1 in n/a,2%,"$26,875","$25,485",13%,$0,$794,5%,80%,n/a,n/a,n/a,n/a,n/a,78,,104,,,119,100,,,,
130,94254,n/a,1 in n/a,2%,"$26,875","$25,485",13%,$0,$794,5%,80%,n/a,n/a,n/a,n/a,n/a,78,,104,,,119,100,,,,
131,94256,n/a,1 in n/a,2%,"$26,875","$25,485",13%,$0,$794,5%,80%,n/a,n/a,n/a,n/a,n/a,78,,104,,,119,100,,,,
132,94257,n/a,1 in n/a,2%,"$26,875","$25,485",13%,$0,$794,5%,80%,n/a,n/a,n/a,n/a,n/a,78,,104,,,119,100,,,,
133,94258,n/a,1 in n/a,2%,"$26,875","$25,485",13%,$0,$794,5%,80%,n/a,n/a,n/a,n/a,n/a,78,,104,,,119,100,,,,
134,94259,"5,258",1 in 20,2%,"$88,895","$55,405",4%,"$456,717","$1,278",72%,95%,41%,n/a,86%,0%,86%,67,,143,,,119,100,,,,
135,94261,n/a,1 in n/a,2%,"$26,875","$25,485",13%,$0,$794,5%,80%,n/a,n/a,n/a,n/a,n/a,78,,104,,,119,100,,,,
136,94262,n/a,1 in n/a,2%,"$26,875","$25,485",13%,$0,$794,5%,80%,n/a,n/a,n/a,n/a,n/a,78,,104,,,119,100,,,,
137,94263,n/a,1 in n/a,2%,"$26,875","$25,485",13%,$0,$794,5%,80%,n/a,n/a,n/a,n/a,n/a,78,,104,,,119,100,,,,
138,94267,n/a,1 in n/a,2%,"$26,875","$25,485",13%,$0,$794,5%,80%,n/a,n/a,n/a,n/a,n/a,78,,104,,,119,100,,,,
139,94268,n/a,1 in n/a,2%,"$26,875","$25,485",13%,$0,$794,5%,80%,n/a,n/a,n/a,n/a,n/a,78,,104,,,119,100,,,,
140,94269,"5,258",1 in 20,2%,"$88,895","$55,405",4%,"$456,717","$1,278",72%,95%,41%,n/a,86%,0%,86%,67,,143,,,119,100,,,,
141,94271,n/a,1 in n/a,2%,"$26,875","$25,485",13%,$0,$794,5%,80%,n/a,n/a,n/a,n/a,n/a,78,,104,,,119,100,,,,
142,94273,n/a,1 in n/a,2%,"$26,875","$25,485",13%,$0,$794,5%,80%,n/a,n/a,n/a,n/a,n/a,78,,104,,,119,100,,,,
143,94274,n/a,1 in n/a,2%,"$26,875","$25,485",13%,$0,$794,5%,80%,n/a,n/a,n/a,n/a,n/a,78,,104,,,119,100,,,,
144,94277,n/a,1 in n/a,2%,"$26,875","$25,485",13%,$0,$794,5%,80%,n/a,n/a,n/a,n/a,n/a,78,,104,,,119,100,,,,
145,94278,"7,798",1 in 13,2%,"$39,124","$41,523",5%,"$439,500",$873,15%,88%,n/a,n/a,n/a,n/a,n/a,63,,138,,,119,100,,,,
146,94279,n/a,1 in n/a,2%,"$26,875","$25,485",13%,$0,$794,5%,80%,n/a,n/a,n/a,n/a,n/a,78,,104,,,119,100,,,,
147,94280,"3,086",1 in 33,2%,"$36,805","$44,012",3%,"$290,400",$876,9%,83%,n/a,n/a,84%,0%,84%,75,,121,,,119,100,,,,
148,94282,n/a,1 in n/a,2%,"$26,875","$25,485",13%,$0,$794,5%,80%,n/a,n/a,n/a,n/a,n/a,78,,104,,,119,100,,,,
149,94283,"3,237",1 in 31,2%,"$40,600","$16,049",9%,"$138,067","$1,070",45%,70%,22%,n/a,37%,0%,37%,54,,105,,,119,100,,,,
150,94284,"5,258",1 in 20,2%,"$88,895","$55,405",4%,"$456,717","$1,278",72%,95%,41%,n/a,86%,0%,86%,67,,143,,,119,100,,,,
151,94285,"5,258",1 in 20,2%,"$88,895","$55,405",4%,"$456,717","$1,278",72%,95%,41%,n/a,86%,0%,86%,67,,143,,,119,100,,,,
152,94287,n/a,1 in n/a,2%,"$26,875","$25,485",13%,$0,$794,5%,80%,n/a,n/a,n/a,n/a,n/a,78,,104,,,119,100,,,,
153,94288,"3,086",1 in 33,2%,"$36,805","$44,012",3%,"$290,400",$876,9%,83%,n/a,n/a,84%,0%,84%,75,,121,,,119,100,,,,
154,94289,n/a,1 in n/a,2%,"$26,875","$25,485",13%,$0,$794,5%,80%,n/a,n/a,n/a,n/a,n/a,78,,104,,,119,100,,,,
155,94290,"5,258",1 in 20,2%,"$88,895","$55,405",4%,"$456,717","$1,278",72%,95%,41%,n/a,86%,0%,86%,67,,143,,,119,100,,,,
156,94291,"5,258",1 in 20,2%,"$88,895","$55,405",4%,"$456,717","$1,278",72%,95%,41%,n/a,86%,0%,86%,67,,143,,,119,100,,,,
157,94293,"5,258",1 in 20,2%,"$88,895","$55,405",4%,"$456,717","$1,278",72%,95%,41%,n/a,86%,0%,86%,67,,143,,,119,100,,,,
158,94294,"5,258",1 in 20,2%,"$88,895","$55,405",4%,"$456,717","$1,278",72%,95%,41%,n/a,86%,0%,86%,67,,143,,,119,100,,,,
159,94295,n/a,1 in n/a,2%,"$26,875","$25,485",13%,$0,$794,5%,80%,n/a,n/a,n/a,n/a,n/a,78,,104,,,119,100,,,,
160,94296,"7,165",1 in 14,2%,"$42,225","$26,806",7%,"$334,580",$864,15%,78%,40%,n/a,n/a,n/a,n/a,59,,126,,,119,100,,,,
161,94297,"5,258",1 in 20,2%,"$88,895","$55,405",4%,"$456,717","$1,278",72%,95%,41%,n/a,86%,0%,86%,67,,143,,,119,100,,,,
162,94298,n/a,1 in n/a,2%,"$26,875","$25,485",13%,$0,$794,5%,80%,n/a,n/a,n/a,n/a,n/a,78,,104,,,119,100,,,,
163,94299,"2,171",1 in 47,2%,"$92,923","$49,848",4%,"$442,192","$1,156",62%,96%,50%,n/a,80%,0%,80%,76,,141,,,119,100,,,,
164,94301,"1,074",1 in 94,-16%,"$159,050","$96,264",2%,"$2,000,001","$3,501",82%,100%,n/a,n/a,n/a,n/a,n/a,79,,351,,,,100,305,,,
165,94302,"7,989",1 in 13,-16%,"$99,442","$79,930",4%,"$1,494,967","$2,434",29%,97%,78%,18:01,n/a,n/a,n/a,69,,283,,,,100,305,,,
166,94303,"1,520",1 in 66,-16%,"$208,112","$82,253",4%,"$1,898,801","$1,023",83%,99%,88%,18:01,n/a,n/a,n/a,79,,316,,,,100,305,,,
167,94304,"2,346",1 in 43,-16%,"$137,043","$78,721",3%,"$1,702,100","$2,283",55%,97%,82%,18:01,82%,90%,74%,85,,305,140,,,100,,,,
168,94305,"1,077",1 in 93,-4%,"$52,208","$33,048",3%,"$1,505,800","$1,538",28%,99%,82%,17:01,84%,90%,78%,80,,276,140,,,100,,,,
169,94306,"1,609",1 in 63,-16%,"$120,867","$69,228",4%,"$1,420,233","$2,490",65%,88%,65%,15:01,n/a,n/a,n/a,77,,275,,,,100,305,,,
170,94309,"1,077",1 in 93,-4%,"$52,208","$33,048",3%,"$1,505,800","$1,538",28%,99%,82%,17:01,84%,90%,78%,80,,276,140,,,100,,,,
171,94401,"1,692",1 in 60,2%,"$77,641","$40,275",5%,"$703,520","$1,596",35%,74%,71%,n/a,100%,0%,100%,76,,188,,,,100,,208,,
172,94402,733,1 in 137,2%,"$107,008","$59,618",4%,"$1,059,950","$1,399",68%,94%,49%,21:01,n/a,n/a,n/a,69,,227,,,,100,,208,,
173,94403,"3,975",1 in 26,2%,"$112,171","$54,928",4%,"$1,021,786","$1,396",55%,91%,45%,21:01,n/a,n/a,n/a,62,,223,,,,100,,208,,
174,94404,"1,175",1 in 86,4%,"$129,733","$60,812",3%,"$949,900","$2,535",58%,96%,77%,21:01,86%,75%,93%,84,,222,140,,,100,,,,
175,94497,"9,933",1 in 11,2%,"$85,948","$49,050",4%,"$671,800","$1,656",41%,84%,n/a,n/a,n/a,n/a,n/a,53,,185,,,,100,,208,,
176,94501,"2,886",1 in 35,-11%,"$83,048","$45,590",4%,"$677,000","$1,478",47%,90%,59%,18:01,79%,55%,88%,77,,181,140,,,100,,,,
177,94502,"2,886",1 in 35,-11%,"$83,048","$45,590",4%,"$677,000","$1,478",47%,90%,59%,18:01,79%,55%,88%,77,,181,140,,,100,,,,
178,94503,"4,432",1 in 23,-4%,"$59,600","$26,828",8%,"$254,100","$1,250",55%,84%,23%,21:01,58%,55%,60%,52,,131,140,,,100,,,,
179,94505,"1,981",1 in 51,-4%,"$106,367","$43,997",5%,"$462,500","$2,174",78%,94%,52%,n/a,82%,80%,88%,70,,152,140,,,100,,,,
180,94506,992,1 in 101,-4%,"$180,515","$84,926",2%,"$1,064,600","$2,866",92%,99%,74%,n/a,n/a,n/a,n/a,75,,238,140,,,100,,,,
181,94507,"1,153",1 in 87,-4%,"$171,767","$82,071",2%,"$1,411,800","$2,911",89%,98%,79%,20:01,92%,90%,95%,82,,278,140,,,100,,,,
182,94508,"1,208",1 in 83,-4%,"$65,656","$22,760",4%,"$606,500","$1,369",47%,86%,25%,19:01,n/a,n/a,n/a,53,,161,140,,,100,,,,
183,94509,"3,481",1 in 29,-12%,"$65,530","$26,385",6%,"$291,400","$1,439",61%,84%,25%,20:01,53%,65%,44%,55,,126,140,,,100,,,,
184,94510,"1,458",1 in 69,-17%,"$87,011","$44,572",4%,"$475,500","$1,429",68%,93%,55%,21:01,83%,100%,80%,78,,158,140,,,100,,,,
185,94511,n/a,1 in n/a,0%,"$35,814","$29,249",1%,$0,"$1,245",87%,84%,n/a,n/a,n/a,n/a,n/a,61,,118,140,,,100,,,,
186,94513,"2,291",1 in 44,-14%,"$94,130","$35,013",5%,"$428,500","$1,977",72%,88%,49%,34:01:00,85%,100%,83%,73,,146,140,,,100,,,,
187,94514,958,1 in 105,-4%,"$58,125","$33,109",4%,"$415,600","$1,105",66%,76%,38%,n/a,n/a,n/a,n/a,54,,137,140,,,100,,,,
188,94515,"1,361",1 in 74,-17%,"$60,534","$34,876",2%,"$475,800","$1,153",59%,73%,33%,16:01,n/a,n/a,n/a,65,,155,140,,,100,,,,
189,94516,"2,034",1 in 50,-8%,"$156,631","$82,524",1%,"$804,000","$1,332",90%,98%,n/a,n/a,96%,0%,96%,84,,194,,,,100,,,158,
190,94517,"1,192",1 in 84,20%,"$136,946","$56,295",4%,"$629,200","$2,490",90%,97%,63%,21:01,84%,70%,95%,77,,185,140,,,100,,,,
191,94518,"3,515",1 in 29,-7%,"$71,477","$33,149",5%,"$423,100","$1,387",58%,85%,33%,20:01,73%,65%,74%,63,,151,140,,,100,,,,
192,94519,"3,515",1 in 29,-7%,"$71,477","$33,149",5%,"$423,100","$1,387",58%,85%,33%,20:01,73%,65%,74%,63,,151,140,,,100,,,,
193,94520,"3,515",1 in 29,-7%,"$71,477","$33,149",5%,"$423,100","$1,387",58%,85%,33%,20:01,73%,65%,74%,63,,151,140,,,100,,,,
194,94521,"3,515",1 in 29,-7%,"$71,477","$33,149",5%,"$423,100","$1,387",58%,85%,33%,20:01,73%,65%,74%,63,,151,140,,,100,,,,
195,94522,"3,515",1 in 29,-7%,"$71,477","$33,149",5%,"$423,100","$1,387",58%,85%,33%,20:01,73%,65%,74%,63,,151,140,,,100,,,,
196,95603,"3,207",1 in 32,-4%,"$51,903","$29,345",4%,"$280,400","$1,014",61%,84%,27%,n/a,90%,90%,0%,62,,121,140,,,100,,,,
197,95604,"1,873",1 in 54,-19%,"$54,227","$36,613",4%,"$371,000","$1,066",55%,90%,46%,18:01,60%,30%,72%,65,,132,140,,,100,,,,
198,95605,"3,019",1 in 34,21%,"$57,023","$26,414",6%,"$276,400",$907,54%,80%,29%,19:01,72%,70%,72%,66,,119,140,,,100,,,,
199,95607,"1,883",1 in 54,-4%,"$61,607","$21,498",6%,"$212,400","$1,291",69%,78%,23%,19:01,n/a,n/a,n/a,51,,116,140,,,100,,,,
200,95608,"3,445",1 in 30,-4%,"$58,300","$35,385",7%,"$309,300",$968,55%,90%,35%,20:01,70%,70%,70%,63,,124,140,,,100,,,,
201,95609,"3,445",1 in 30,-4%,"$58,300","$35,385",7%,"$309,300",$968,55%,90%,35%,20:01,70%,70%,70%,63,,124,140,,,100,,,,
202,95610,"3,162",1 in 32,-11%,"$51,715","$25,515",6%,"$218,200","$1,048",55%,86%,24%,22:01,64%,80%,58%,65,,114,140,,,100,,,,
203,95611,"3,162",1 in 32,-11%,"$51,715","$25,515",6%,"$218,200","$1,048",55%,86%,24%,22:01,64%,80%,58%,65,,114,140,,,100,,,,
204,95612,"2,913",1 in 35,-4%,"$74,435","$34,141",0%,"$357,900",$0,83%,98%,39%,n/a,n/a,n/a,n/a,49,,138,140,,,100,,,,
205,95613,"2,421",1 in 42,-4%,"$77,424","$41,103",0%,"$408,200",$0,95%,92%,n/a,n/a,n/a,n/a,n/a,60,,146,140,,,100,,,,
206,95614,"1,351",1 in 75,-4%,"$99,543","$37,951",3%,"$322,100","$1,867",85%,95%,n/a,n/a,55%,20%,96%,64,,134,140,,,100,,,,
207,95615,"3,524",1 in 29,-4%,"$76,528","$24,390",8%,"$309,600",$0,80%,77%,32%,n/a,n/a,n/a,n/a,40,,130,140,,,100,,,,
208,95616,"2,788",1 in 36,4%,"$39,530","$28,645",3%,"$460,525","$1,370",34%,96%,72%,21:01,n/a,n/a,n/a,70,,145,,,,100,,,,156
209,95617,"2,601",1 in 39,4%,"$57,683","$34,221",3%,"$565,700","$1,291",42%,95%,65%,21:01,75%,75%,75%,73,,156,140,,,100,,,,
210,95618,"1,952",1 in 52,4%,"$15,130","$19,831",6%,"$785,700",$897,18%,100%,n/a,20:01,n/a,n/a,n/a,74,,177,,,,100,,,,156
211,95619,"3,330",1 in 31,-4%,"$57,978","$28,497",6%,"$254,000","$1,136",74%,83%,50%,16:01,40%,40%,0%,58,,119,140,,,100,,,,
212,95620,"2,056",1 in 49,0%,"$72,383","$25,640",6%,"$300,500","$1,165",69%,76%,33%,22:01,82%,80%,90%,66,,125,140,,,100,,,,
213,95621,"3,162",1 in 32,-11%,"$51,715","$25,515",6%,"$218,200","$1,048",55%,86%,24%,22:01,64%,80%,58%,65,,114,140,,,100,,,,
214,95623,"3,330",1 in 31,-4%,"$57,978","$28,497",6%,"$254,000","$1,136",74%,83%,50%,16:01,40%,40%,0%,58,,119,140,,,100,,,,
215,95624,"1,588",1 in 63,-2%,"$83,141","$31,928",6%,"$317,500","$1,489",72%,88%,51%,20:01,66%,62%,74%,74,,130,140,,,100,,,,
216,95625,"2,361",1 in 43,2%,"$76,188","$31,040",4%,"$322,600","$1,416",60%,85%,42%,19:01,74%,50%,78%,72,,129,140,,,100,,,,
217,95626,"3,023",1 in 34,-4%,"$54,744","$25,072",4%,"$234,400","$1,381",77%,80%,15%,n/a,96%,0%,96%,59,,119,140,,,100,,,,
218,95627,"1,883",1 in 54,-4%,"$61,607","$21,498",6%,"$212,400","$1,291",69%,78%,23%,19:01,n/a,n/a,n/a,51,,116,140,,,100,,,,
219,95628,"2,639",1 in 38,-4%,"$73,718","$41,791",6%,"$385,800","$1,134",66%,92%,38%,20:01,75%,70%,77%,67,,134,140,,,100,,,,
220,95629,n/a,1 in n/a,0%,"$61,827","$21,598",0%,$0,$0,44%,85%,n/a,n/a,n/a,n/a,n/a,68,,113,140,,,100,,,,
221,95630,"1,685",1 in 60,2%,"$102,692","$41,732",3%,"$433,300","$1,465",69%,90%,64%,21:01,87%,90%,85%,82,,143,140,,,100,,,,
222,95631,n/a,1 in n/a,0%,$0,"$27,858",7%,"$220,800",$924,37%,76%,41%,24:01:00,37%,10%,100%,59,,113,140,,,100,,,,
223,95632,"2,102",1 in 48,-20%,"$63,681","$24,639",7%,"$239,000","$1,098",70%,77%,34%,18:01,69%,30%,84%,63,,116,140,,,100,,,,
224,95634,"1,452",1 in 69,-4%,"$42,946","$24,072",7%,"$252,000",$888,78%,88%,36%,20:01,85%,0%,85%,63,,116,140,,,100,,,,
225,95636,"4,346",1 in 24,-4%,"$44,390","$17,242",15%,"$166,900",$0,100%,85%,50%,n/a,70%,0%,70%,45,,106,140,,,100,,,,
226,95637,n/a,1 in n/a,0%,$0,"$15,452",15%,"$317,100",$0,73%,77%,n/a,n/a,n/a,n/a,n/a,50,,131,140,,,100,,,,
227,95638,876,1 in 115,-4%,"$122,361","$39,786",4%,"$396,800","$1,125",91%,85%,46%,n/a,100%,0%,100%,72,,135,140,,,100,,,,
228,95639,"3,542",1 in 29,-4%,"$69,375","$20,566",0%,"$354,000",$0,72%,86%,n/a,n/a,n/a,n/a,n/a,50,,137,140,,,100,,,,
229,95640,777,1 in 129,-16%,"$57,423","$14,899",3%,"$243,100","$1,067",75%,64%,24%,18:01,n/a,n/a,n/a,57,,117,140,,,100,,,,
230,95641,"2,820",1 in 36,116%,"$37,663","$18,151",8%,"$225,800",$893,53%,75%,37%,n/a,n/a,n/a,n/a,45,,113,140,,,100,,,,
231,95642,"3,304",1 in 31,3%,"$42,344","$27,815",10%,"$238,100",$996,60%,89%,28%,20:01,75%,0%,75%,56,,115,140,,,100,,,,
