ID,Address,Zip_Code,Beds,Baths,Area,Amount_dollar,Rate_dollar_sqft
1,1000-3rd-St-Unit-612_San-Francisco_CA_94158_M14878-53501,94158,2,2,1276,1548000,1213.2
2,1000-N-Point-St-Apt-1608_San-Francisco_CA_94109_M17681-62327,94109,2,2,1221,1995000,1633.9
3,1001-Pine-St-Unit-612_San-Francisco_CA_94109_M21702-29688,94109,Studio,1,450,549000,1220
4,10023-Long-Oak-Ln_Cupertino_CA_95014_M21807-44400,95014,3,2.5,1341,1498000,1117.1
5,1002-Chula-Vista-Ter_Sunnyvale_CA_94086_M14850-49264,94086,2,2.5,1293,1100000,850.7
6,1007-Rosa-Ave_Sunnyvale_CA_94086_M29191-91795,94086,5,2.5,2016,1748000,867.1
7,10090-Pasadena-Ave-Apt-A4_Cupertino_CA_95014_M18700-93119,95014,3,2,1491,1325000,888.7
8,100-Black-Mountain-Cir_Fremont_CA_94536_M29175-68174,94536,3,2.5,2132,1399900,656.6
9,100-Farnum-St_San-Francisco_CA_94131_M18871-07024,94131,3,2,918,1195000,1301.7
10,100-S-Quebec-St_San-Mateo_CA_94401_M27349-27331,94401,4,2,1370,1288000,940.1
11,10109-Judy-Ave_Cupertino_CA_95014_M27035-48307,95014,5,4.5,3727,4080000,1094.7
12,1011-Tilton-Ave_San-Mateo_CA_94401_M15690-70544,94401,4,3,2500,1988000,795.2
13,10140-N-Blaney-Ave_Cupertino_CA_95014_M15483-78622,95014,4,2.5,2240,2348000,1048.2
14,10146-Carmen-Rd_Cupertino_CA_95014_M22466-67853,95014,3,3,2053,2548000,1241.1
15,1015-E-Homestead-Rd_Sunnyvale_CA_94087_M14931-13229,94087,4,2,1421,1688000,1187.9
16,1015-Lupine-Dr_Sunnyvale_CA_94086_M29210-55092,94086,5,2.5,2149,2148000,999.5
17,1015-Lynn-Way_Sunnyvale_CA_94087_M23329-23988,94087,3,2,1240,1799500,1451.2
18,10160-Calvert-Dr_Cupertino_CA_95014_M26647-91727,95014,3,2,1562,1690000,1081.9
19,10171-Carmen-Rd_Cupertino_CA_95014_M22860-20688,95014,5,4,3855,3790000,983.1
20,10190-Calvert-Dr_Cupertino_CA_95014_M26617-73185,95014,6,6.5,3278,2749000,838.6
21,10190-Vista-Dr_Cupertino_CA_95014_M15679-80507,95014,3,2.5,1962,1698000,865.4
22,101-Poppy-Ln_San-Francisco_CA_94131_M21369-90300,94131,3,2.5,2415,2695000,1115.9
23,10232-Danube-Dr_Cupertino_CA_95014_M25942-84563,95014,2,2,1154,1099000,952.3
24,10234-Scenic-Blvd_Cupertino_CA_95014_M22456-98938,95014,2,1,846,6399888,7564.9
25,1023-Church-St-Apt-1_San-Francisco_CA_94114_M29708-46121,94114,1,1,612,688000,1124.2
26,1024-Avila-Terraza-70_Fremont_CA_94538_M98252-93861,94538,2,2,1086,785000,722.8
27,1025-N-12th-St_San-Jose_CA_95112_M20479-17117,95112,3,2,1040,748888,720.1
28,10312-N-Blaney-Ave_Cupertino_CA_95014_M15996-93825,95014,3,1,1212,2650000,2186.5
29,1033-Reed-Ave_Sunnyvale_CA_94086_M28746-58994,94086,3,2,1400,1449000,1035
30,1033-Scotia-Ter-Unit-201_Sunnyvale_CA_94089_M15727-73292,94089,2,2,1030,879000,853.4
31,1035-W-MC-Kinley-Ave_Sunnyvale_CA_94086_M10470-19169,94086,3,2,1118,1580000,1413.2
32,10361-Menhart-Ln_Cupertino_CA_95014_M18872-35453,95014,4,3,1818,2288000,1258.5
33,1037-Scotia-Ter-Unit-301_Sunnyvale_CA_94089_M25404-17606,94089,2,2,1030,949000,921.4
34,10425-Calvert-Dr_Cupertino_CA_95014_M27177-46631,95014,4,2,1754,1495000,852.3
35,1044-Morse-Ave_Sunnyvale_CA_94089_M24492-33806,94089,3,2.5,1679,1398000,832.6
36,10450-Corte-de-Madrid_Cupertino_CA_95014_M26897-97174,95014,6,5.5,3278,3598000,1097.6
37,1050-Borregas-Ave-Spc-113_Sunnyvale_CA_94089_M29711-97807,94089,2,2,1580,189000,119.6
38,1050-Borregas-Ave-Spc-80_Sunnyvale_CA_94089_M16994-51665,94089,2,2,1440,169900,118
39,1056-E-Evelyn-Ave_Sunnyvale_CA_94086_M28540-13662,94086,2,2,1198,1289000,1076
40,1058-Grape-Ave_Sunnyvale_CA_94087_M23749-59971,94087,3,2,1348,1858000,1378.3
41,105-Berkeley-Ter_Sunnyvale_CA_94086_M26730-87511,94086,3,2.5,1912,1499000,784
42,105-Maidenhair-Ter_Sunnyvale_CA_94086_M26333-75526,94086,2,2.5,1368,1199800,877
43,105-N-Quebec-St_San-Mateo_CA_94401_M26724-69612,94401,2,2,1050,950000,904.8
44,10614-Sterling-Blvd_Cupertino_CA_95014_M26748-16265,95014,3,2,1127,1500000,1331
45,1061-Alta-Mira-Dr-Apt-A_Santa-Clara_CA_95051_M21535-21428,95051,2,2,1067,719800,674.6
46,1062-Grape-Ave_Sunnyvale_CA_94087_M23712-33377,94087,4,3,1966,2249888,1144.4
47,10641-Merriman-Rd_Cupertino_CA_95014_M20847-47332,95014,2,1,720,2248000,3122.2
48,10649-Farallone-Dr_Cupertino_CA_95014_M26183-95628,95014,5,4,2016,2699999,1339.3
49,1064-Lafayette-St_San-Mateo_CA_94403_M23755-08689,94403,4,2,1840,1564000,850
50,1065-Hedgecroft-Pl_San-Jose_CA_95120_M10827-48099,95120,3,2.5,2052,1539999,750.5
51,10671-S-Blaney-Ave_Cupertino_CA_95014_M26158-24278,95014,4,2,1564,1998000,1277.5
52,1068-Bigleaf-Pl-Unit-302_San-Jose_CA_95131_M26356-86014,95131,3,2.5,1850,1098888,594
53,1068-Freestone-Ave_Sunnyvale_CA_94087_M23569-60521,94087,3,2,1647,1899950,1153.6
54,106-Aptos-Ave_San-Francisco_CA_94127_M25310-07574,94127,3,2,2148,1575000,733.2
55,106-W-3rd-Ave-Apt-1_San-Mateo_CA_94402_M25236-87522,94402,1,1,1100,785000,713.6
56,10704-Stevens-Canyon-Rd_Cupertino_CA_95014_M28868-77698,95014,3,2.5,2128,1849000,868.9
57,1070-Saddlewood-Dr_San-Jose_CA_95121_M27943-08456,95121,3,2.5,1178,799999,679.1
58,10745-N-de-Anza-Blvd-Unit-103_Cupertino_CA_95014_M20231-66324,95014,1,1.5,1209,999000,826.3
59,10745-N-de-Anza-Blvd-Unit-105_Cupertino_CA_95014_M14033-62317,95014,1,1.5,1194,2495,2.1
60,10745-N-de-Anza-Blvd-Unit-217_Cupertino_CA_95014_M12780-36953,95014,2,2,1272,1160000,911.9
61,1075-Cornflower-Ct_Sunnyvale_CA_94086_M28654-17040,94086,5,2.5,2510,2199888,876.4
62,1076-El-Capitan-Ter_Sunnyvale_CA_94085_M26754-63572,94085,3,2.5,1986,1469888,740.1
63,1078-Doheny-Ter_Sunnyvale_CA_94085_M26747-55519,94085,4,3.5,1947,1399000,718.5
64,10822-Northfield-Sq_Cupertino_CA_95014_M15823-27895,95014,2,2,1060,1168000,1101.9
65,1084-Interlaken-Trl_Sunnyvale_CA_94086_M22676-54079,94086,4,3.5,1908,1499800,786.1
66,1085-Tasman-Dr_Sunnyvale_CA_94089_M17346-08456,94089,2,2,1040,225000,216.3
67,1085-Tasman-Dr-Spc-128_Sunnyvale_CA_94089_M94376-20501,94089,3,2,1595,349000,218.8
68,1085-Tasman-Dr-Spc-260_Sunnyvale_CA_94089_M96809-56334,94089,3,2,2106,399900,189.9
69,1085-Tasman-Dr-Spc-38_Sunnyvale_CA_94089_M13914-22267,94089,4,2,1710,339000,198.2
70,1085-Tasman-Dr-Spc-564_Sunnyvale_CA_94089_M16707-94156,94089,4,2,1800,398000,221.1
71,1085-Tasman-Dr-Spc-654_Sunnyvale_CA_94089_M98153-20789,94089,3,2,1858,398000,214.2
72,1085-Tasman-Dr-Spc-849_Sunnyvale_CA_94089_M95891-71294,94089,3,2,1600,310000,193.8
73,1085-Tasman-Dr-Spc-875_Sunnyvale_CA_94089_M11789-10614,94089,5,2,1950,390000,200
74,10866-Northridge-Sq_Cupertino_CA_95014_M15615-33499,95014,2,2,1060,1166000,1100
75,10868-Sycamore-Ct_Cupertino_CA_95014_M22003-83552,95014,5,3.5,3786,3888000,1026.9
76,1088-ED-Roth-Ter_Sunnyvale_CA_94086_M19926-83852,94086,4,3,1826,1749000,957.8
77,1089-Gilman-Ave_San-Francisco_CA_94124_M24898-80495,94124,2,1,2045,1049000,513
78,1090-El-Capitan-Ter_Sunnyvale_CA_94085_M13298-63667,94085,4,3.5,1906,1399000,734
79,10952-Stevens-Canyon-Rd_Cupertino_CA_95014_M22362-49469,95014,4,3.5,3830,2995000,782
80,1095-Remsen-Ct_Sunnyvale_CA_94087_M25314-39663,94087,4,2.5,1957,2598000,1327.5
81,109-Otay-Ave_San-Mateo_CA_94403_M22977-75082,94403,2,2,1110,1300000,1171.2
82,10-9th-Ave-Apt-301_San-Mateo_CA_94401_M29387-22543,94401,2,2,1731,1350000,779.9
83,10-Creekridge-Ct_San-Mateo_CA_94402_M13116-66456,94402,3,2.5,1894,1478000,780.4
84,1102-S-Hummingbird-Ln_San-Mateo_CA_94402_M16438-85605,94402,2,2.5,1506,1248000,828.7
85,1103-Munich-Ter_Sunnyvale_CA_94089_M93639-67015,94089,3,2.5,1663,1295000,778.7
86,1109-Alta-Mira-Dr-Apt-B_Santa-Clara_CA_95051_M26558-22007,95051,2,2,1067,685000,642
87,110-Elsie-St_San-Francisco_CA_94110_M19576-85571,94110,4,3.5,2202,2800000,1271.6
88,1110-Munich-Ter_Sunnyvale_CA_94089_M18314-95537,94089,2,2.5,1576,1199950,761.4
89,11111-Bubb-Rd_Cupertino_CA_95014_M22119-35994,95014,4,2,1859,2388000,1284.6
90,1111-Burntwood-Ct_Sunnyvale_CA_94089_M21922-93694,94089,3,2,1108,1249000,1127.3
91,1111-Morse-Ave-Spc-14_Sunnyvale_CA_94089_M27326-26074,94089,2,2,1462,219000,149.8
92,1111-Morse-Ave-Spc-149_Sunnyvale_CA_94089_M94546-68564,94089,3,2,1586,255000,160.8
93,1111-Morse-Ave-Spc-218_Sunnyvale_CA_94089_M99490-62576,94089,2,2,1484,158000,106.5
94,1112-Sultana-Dr_San-Jose_CA_95122_M13143-40188,95122,3,2,1368,838000,612.6
95,1119-Sunnybrae-Blvd_San-Mateo_CA_94402_M19377-93625,94402,2,2,1186,1098000,925.8
96,111-9th-Ave-Apt-104_San-Mateo_CA_94401_M29262-08339,94401,2,2,1475,998000,676.6
97,1120-Karby-Trl-102_Sunnyvale_CA_94089_M22681-38536,94089,2,2,1007,949000,942.4
98,1120-Pomeroy-Ave_Santa-Clara_CA_95051_M26756-47488,95051,2,1,947,819000,864.8
99,1121-S-Stelling-Rd_Cupertino_CA_95014_M23931-60273,95014,4,2,1602,2048888,1279
100,1122-Page-St-Apt-3_San-Francisco_CA_94117_M27516-90095,94117,2,1,770,799000,1037.7
101,1126-Irving-St_San-Francisco_CA_94122_M16249-57566,94122,3,2,1838,1700000,924.9
102,1127-Reed-Ave-Apt-B_Sunnyvale_CA_94086_M29280-23823,94086,2,1,917,673000,733.9
103,1133-Rockefeller-Dr_Sunnyvale_CA_94087_M24929-81210,94087,4,2.5,2106,2289000,1086.9
104,1135-Shoreline-Dr_San-Mateo_CA_94404_M11952-05311,94404,2,2.5,1555,1278000,821.9
105,1140-W-MC-Kinley-Ave_Sunnyvale_CA_94086_M10450-81340,94086,3,2,1214,1700000,1400.3
106,1142-Maryann-Dr_Santa-Clara_CA_95050_M25366-08257,95050,4,2,1810,1699948,939.2
107,1143-Susan-Way_Sunnyvale_CA_94087_M23341-91030,94087,4,3,2564,1949000,760.1
108,1147-Vernon-Ter_San-Mateo_CA_94402_M14248-69017,94402,3,2,1650,1998000,1210.9
109,1148-Shoreline-Dr_San-Mateo_CA_94404_M17836-34543,94404,1,1.5,1150,988000,859.1
110,1149-Myrtle-Dr_Sunnyvale_CA_94086_M29253-03410,94086,3,2,1148,1498000,1304.9
111,114-Hobart-Ave-Apt-2_San-Mateo_CA_94402_M13540-94722,94402,2,1.5,1330,1150000,864.7
112,114-Visa-Ct_Fremont_CA_94538_M29552-63118,94538,5,3,2076,1299000,625.7
113,1155-Washington-St_Santa-Clara_CA_95050_M19519-42886,95050,3,2.5,1900,1699999,894.7
114,1161-Monroe-St_Santa-Clara_CA_95050_M18931-74494,95050,3,2,1512,1350000,892.9
115,116-Laidley-St_San-Francisco_CA_94131_M18725-92567,94131,2,2,2415,2895000,1198.8
116,116-Wool-St_San-Francisco_CA_94110_M18090-20354,94110,3,2,1338,1649000,1232.4
117,1175-Saguare-Ter_Fremont_CA_94539_M13565-91451,94539,5,3,4520,3190000,705.8
118,1177-Buttercup-Ter_Sunnyvale_CA_94086_M22809-95286,94086,2,2.5,1152,1098888,953.9
119,1178-Lynn-Way_Sunnyvale_CA_94087_M23589-72882,94087,3,2,1566,1799000,1148.8
120,1187-Gilman-Ave_San-Francisco_CA_94124_M10095-65461,94124,2,1,836,799000,955.7
121,1189-Garfield-Ave_San-Jose_CA_95125_M13931-20390,95125,4,3.5,2954,2499000,846
122,1193-S-9th-St_San-Jose_CA_95112_M13927-34433,95112,2,2,1040,899000,864.4
123,11-McKillop-Ct_Santa-Clara_CA_95050_M13431-29183,95050,2,1,800,949999,1187.5
124,1201-Sycamore-Ter-Spc-154_Sunnyvale_CA_94086_M99634-23104,94086,2,2,960,169000,176
125,1201-Sycamore-Ter-Spc-9_Sunnyvale_CA_94086_M18344-57796,94086,2,1,800,158888,198.6
126,1204-Olivera-Ter_Sunnyvale_CA_94087_M19056-92029,94087,3,2.5,1372,1399888,1020.3
127,1206-18th-St_San-Francisco_CA_94107_M18889-04013,94107,3,3.5,2736,3299000,1205.8
128,120-Fisk-Ter_Fremont_CA_94538_M16383-48817,94538,2,2,1440,130000,90.3
129,1210-Birch-Ave_San-Mateo_CA_94402_M20190-48577,94402,2,1,940,985000,1047.9
130,1212-19th-St_San-Francisco_CA_94107_M20147-51101,94107,3,2,1740,1800000,1034.5
131,1215-Bird-Ave-Apt-105_San-Jose_CA_95125_M12925-21238,95125,2,1,749,533000,711.6
132,1217-Hester-Ave_San-Jose_CA_95126_M24829-36985,95126,3,2,1170,1288000,1100.9
133,1218-Leavenworth-St-Apt-6_San-Francisco_CA_94109_M28183-89315,94109,2,2,1172,1395000,1190.3
134,1220-Tasman-Dr-Spc-18_Sunnyvale_CA_94089_M95458-62322,94089,2,1,672,175000,260.4
135,1220-Tasman-Dr-Spc-336_Sunnyvale_CA_94089_M95406-22093,94089,3,2,1495,349900,234
136,1220-Tasman-Dr-Spc-353_Sunnyvale_CA_94089_M13117-40558,94089,3,2,1610,414900,257.7
137,1220-Tasman-Dr-Spc-406_Sunnyvale_CA_94089_M97364-67973,94089,3,3,1709,389000,227.6
138,1220-Tasman-Dr-Spc-467_Sunnyvale_CA_94089_M18757-39931,94089,3,2,1200,298888,249.1
139,1220-Tasman-Dr-Spc-504_Sunnyvale_CA_94089_M92692-87983,94089,2,2,950,199000,209.5
140,1220-Tasman-Dr-Spc-522_Sunnyvale_CA_94089_M97162-55119,94089,2,1,624,99000,158.7
141,1220-Tasman-Dr-Spc-533_Sunnyvale_CA_94089_M90120-25114,94089,3,2,1441,296500,205.8
142,1225-Blackberry-Ter_Sunnyvale_CA_94087_M25035-27472,94087,3,2,1374,1375000,1000.7
143,1225-Vienna-Dr-Spc-152_Sunnyvale_CA_94089_M29591-67357,94089,3,2,1940,159900,82.4
144,1225-Vienna-Dr-Spc-214_Sunnyvale_CA_94089_M27240-05626,94089,3,2,1740,199000,114.4
145,1225-Vienna-Dr-Spc-267_Sunnyvale_CA_94089_M20255-78795,94089,3,2,1593,225000,141.2
146,1225-Vienna-Dr-Spc-289_Sunnyvale_CA_94089_M94585-92819,94089,2,2,1464,114000,77.9
147,1225-Vienna-Dr-Spc-399_Sunnyvale_CA_94089_M90526-96764,94089,3,2,1710,169000,98.8
148,1225-Vienna-Dr-Spc-448_Sunnyvale_CA_94089_M90312-40898,94089,3,2,1740,175000,100.6
149,1225-Vienna-Dr-Spc-651_Sunnyvale_CA_94089_M98405-35658,94089,2,2,1344,75000,55.8
150,1225-Vienna-Dr-Spc-83_Sunnyvale_CA_94089_M90647-51311,94089,2,1,830,35000,42.2
151,1225-Vienna-Dr-Spc-91_Sunnyvale_CA_94089_M91542-21198,94089,2,2,1392,48000,34.5
152,1226-Crescent-Ter_Sunnyvale_CA_94087_M28724-23037,94087,2,2.5,1300,1168000,898.5
153,1228-Pome-Ave_Sunnyvale_CA_94087_M25206-69806,94087,4,3,2739,2678800,978
154,122-8th-Ave_San-Francisco_CA_94118_M13899-62198,94118,4,3,2187,2095000,957.9
155,1230-19th-Ave-C_San-Francisco_CA_94122_M21573-03114,94122,2,2,912,998000,1094.3
156,1230-Shafter-St_San-Mateo_CA_94402_M12747-70024,94402,3,3.5,2681,2598000,969
157,1248-Terminal-Pl_San-Mateo_CA_94401_M21483-35503,94401,3,2,959,1229000,1281.5
158,1250-Jones-St-Unit-1801_San-Francisco_CA_94109_M14991-07329,94109,2,2,1642,2650000,1613.9
159,1250-Jones-St-Unit-1802_San-Francisco_CA_94109_M16271-53108,94109,2,2,1475,2275000,1542.4
160,1253-Alemany-Blvd_San-Francisco_CA_94112_M19608-67697,94112,5,3,2492,1095000,439.4
161,1253-Shoal-Dr_San-Mateo_CA_94404_M12608-58455,94404,3,2.5,1690,1695000,1003
162,1254-Sandia-Ave_Sunnyvale_CA_94089_M21766-04732,94089,4,2,1731,1589000,918
163,1255-Crowley-Ave_Santa-Clara_CA_95051_M26052-89389,95051,3,2,1026,1099950,1072.1
164,125-N-Mary-Ave-Spc-23_Sunnyvale_CA_94086_M95811-57186,94086,3,2,1520,385000,253.3
165,1265-Manzano-Way_Sunnyvale_CA_94089_M21755-61285,94089,3,2,1108,945000,852.9
166,1268-Brookings-Ln_Sunnyvale_CA_94087_M17586-70335,94087,3,2,1833,1998000,1090
167,1269-Poplar-Ave-Apt-309_Sunnyvale_CA_94086_M10352-75232,94086,2,2,1045,799000,764.6
168,1270-Washington-St_Santa-Clara_CA_95050_M19512-72099,95050,2,1,1077,999950,928.5
169,1275-Picasso-Dr_Sunnyvale_CA_94087_M28647-83519,94087,2,1.5,1184,1150000,971.3
170,128-Houlton-Ct_San-Jose_CA_95139_M17913-66997,95139,3,2,1120,929000,829.5
171,1296-Aberford-Dr_San-Jose_CA_95131_M10931-84489,95131,4,2,1393,998000,716.4
172,1298-Karl-St_San-Jose_CA_95122_M17719-12249,95122,6,3.5,2289,999888,436.8
173,1302-S-B-St_San-Mateo_CA_94402_M13491-07356,94402,2,2.5,1400,1650000,1178.6
174,1307-Wayne-Way_San-Mateo_CA_94403_M26552-89644,94403,2,2.5,1540,1198000,777.9
175,1309-Alviso-St_Santa-Clara_CA_95050_M18522-19223,95050,3,1,1027,1049000,1021.4
176,130-E-San-Fernando-St-Apt-420_San-Jose_CA_95112_M28214-36136,95112,2,2,1622,825000,508.6
177,130-Pixley-St_San-Francisco_CA_94123_M25909-04765,94123,2,2.5,1380,1595000,1155.8
178,1310-1314-Greenwich-St-Unit-301_San-Francisco_CA_94109_M25882-97248,94109,2,1,1070,1395000,1303.7
179,1310-Monte-Diablo-Ave_San-Mateo_CA_94401_M12196-53695,94401,4,2,1800,1398000,776.7
180,1311-Wayne-Way_San-Mateo_CA_94403_M25538-76419,94403,2,2.5,1540,1299000,843.5
181,131-28th-Ave_San-Mateo_CA_94403_M21559-40905,94403,3,3,1930,1930000,1000
182,1312-Los-Arboles-Ave_Sunnyvale_CA_94087_M17800-98252,94087,4,3,2809,2585000,920.3
183,1315-Avoset-Ter_Sunnyvale_CA_94087_M14247-67490,94087,4,2.5,2017,2149000,1065.4
184,1317-Crossgates-Ln_San-Jose_CA_95120_M18495-45431,95120,4,2.5,1997,1480000,741.1
185,131-Ivory-Palm-Ter_Sunnyvale_CA_94086_M26284-93687,94086,3,3.5,1734,1388000,800.5
186,132-Cora-St_San-Francisco_CA_94134_M18773-17454,94134,2,1,900,899000,998.9
187,132-Corbett-Ave_San-Francisco_CA_94114_M28879-14878,94114,4,3,1850,2675000,1445.9
188,1334-Garrans-Dr_San-Jose_CA_95130_M20827-86667,95130,3,2,1368,1399000,1022.7
189,1334-Rimrock-Dr_San-Jose_CA_95120_M19278-96112,95120,5,3.5,3126,2350000,751.8
190,1335-Parrott-Dr_San-Mateo_CA_94402_M25705-32738,94402,3,2,1480,1798000,1214.9
191,1340-Los-Padres-Blvd_Santa-Clara_CA_95050_M25637-37863,95050,3,1.5,1347,1298000,963.6
192,1340-Norman-Dr_Sunnyvale_CA_94087_M14460-46344,94087,2,1,827,1650000,1995.2
193,1341-Union-St-Apt-8_San-Francisco_CA_94109_M13719-20040,94109,1,1,878,799000,910
194,1342-Dunnock-Way_Sunnyvale_CA_94087_M12781-63273,94087,5,3.5,2524,2199000,871.2
195,134-E-Hillsdale-Blvd_San-Mateo_CA_94403_M23102-96438,94403,2,1,1000,1149950,1150
196,1350-Oakland-Rd-Spc-82_San-Jose_CA_95112_M25924-84335,95112,2,2,880,219900,249.9
197,1351-Bel-Aire-Rd_San-Mateo_CA_94402_M16148-76685,94402,3,2,2200,1998000,908.2
198,1359-Cherrywood-Sq_San-Jose_CA_95117_M22991-36282,95117,2,2,1056,859000,813.4
199,1363-El-Camino-Real_Santa-Clara_CA_95050_M93805-12158,95050,3,3,1626,1260999,775.5
200,1372-35th-Ave-1370_San-Francisco_CA_94122_M11773-71430,94122,4,3.5,2380,1638000,688.2
201,1376-Masonic-Ave_San-Francisco_CA_94117_M14625-68423,94117,5,4,3000,3395000,1131.7
202,1379-Selo-Dr_Sunnyvale_CA_94087_M17772-66041,94087,3,2,913,1488000,1629.8
203,1384-Turnstone-Way_Sunnyvale_CA_94087_M14071-77966,94087,5,2.5,2358,1998000,847.3
204,1400-Bowe-Ave-Apt-2007_Santa-Clara_CA_95051_M27338-56891,95051,2,2,1062,799000,752.4
205,1408-1410-Cabrillo-St_San-Francisco_CA_94118_M10991-72383,94118,4,2,3104,1950000,628.2
206,140-S-Van-Ness-Ave-Unit-1101_San-Francisco_CA_94103_M19734-41512,94103,3,2,1800,1625000,902.8
207,1410-15th-St_San-Francisco_CA_94103_M12767-90087,94103,3,2,1490,1299000,871.8
208,1411-Jackson-St_Santa-Clara_CA_95050_M18745-78789,95050,2,1,1040,1099000,1056.7
209,1411-Mefferd-Ave_San-Mateo_CA_94401_M29460-09853,94401,2,1,1040,1149000,1104.8
210,1417-Searcy-Dr_San-Jose_CA_95118_M23467-21742,95118,3,2,1217,1148000,943.3
211,1420-Pointe-Claire-Ct_Sunnyvale_CA_94087_M17968-30660,94087,3,2,1593,2270000,1425
212,1424-Maryann-Dr_Santa-Clara_CA_95050_M25307-20238,95050,3,2.5,1310,1149000,877.1
213,1424-Sierra-Creek-Way_San-Jose_CA_95132_M23073-23417,95132,5,2,1952,1299000,665.5
214,1431-Belleville-Way_Sunnyvale_CA_94087_M16901-38267,94087,4,2.5,2049,2298000,1121.5
215,1432-Overland-Dr_San-Mateo_CA_94403_M25958-39461,94403,4,2.5,2310,1998000,864.9
216,1433-Wayland-St_San-Francisco_CA_94134_M14646-83045,94134,4,2.5,1885,1159000,614.9
217,1442-Cedarwood-Dr_San-Mateo_CA_94403_M15323-21250,94403,4,2.5,2220,2150000,968.5
218,1446-Underwood-Ave_San-Francisco_CA_94124_M22028-95472,94124,5,3,1918,998000,520.3
219,1451-Main-St-Apt-4_Santa-Clara_CA_95050_M12961-48568,95050,2,2,924,849000,918.8
220,1454-Firebird-Way_Sunnyvale_CA_94087_M12753-68327,94087,4,2.5,1671,1998000,1195.7
221,1460-Clayton-St_San-Francisco_CA_94114_M24337-37318,94114,3,3,2265,1610000,710.8
222,1466-Oakdale-Ave_San-Francisco_CA_94124_M27517-11007,94124,3,1,1200,748000,623.3
223,1471-Flamingo-Way_Sunnyvale_CA_94087_M13020-50742,94087,4,2,1553,1965800,1265.8
224,1472-Falcon-Ave_Sunnyvale_CA_94087_M13030-94188,94087,4,2,1534,1895000,1235.3
225,1474-Jamestown-Dr_Cupertino_CA_95014_M24306-12544,95014,4,2,1684,1799000,1068.3
226,147-Flood-Ave_San-Francisco_CA_94131_M14489-42296,94131,2,1,719,1089000,1514.6
227,1481-Nelson-Ct_Santa-Clara_CA_95054_M20959-98498,95054,4,2,1527,1318000,863.1
228,1483-McAllister-St_San-Francisco_CA_94115_M21198-34761,94115,3,1,1495,1249000,835.5
229,148-Villa-Ter_San-Francisco_CA_94114_M16116-29043,94114,1,1,832,839000,1008.4
230,1495-Lee-Pl_San-Jose_CA_95131_M22858-02593,95131,3,2.5,1671,1035000,619.4
231,14-Murray-Ct_San-Mateo_CA_94403_M18081-63757,94403,3,1,1370,1375000,1003.6
232,1500-Crestwood-Dr_San-Mateo_CA_94403_M13077-16266,94403,4,2,2618,2959000,1130.3
233,150-32nd-Ave_San-Francisco_CA_94121_M21456-85953,94121,6,4,4861,4850000,997.7
234,15104-Cooper-Ave_San-Jose_CA_95124_M17300-10808,95124,5,4.5,3708,2780000,749.7
235,1512-S-Stelling-Rd_Cupertino_CA_95014_M25169-20467,95014,4,2.5,1852,2198000,1186.8
236,1518-Lago-St-Apt-107_San-Mateo_CA_94403_M10099-07672,94403,2,2,889,750000,843.6
237,15210-Skyview-Dr_San-Jose_CA_95132_M14804-24344,95132,4,2.5,3557,1688888,474.8
238,1532-Newport-Ave_San-Jose_CA_95125_M11367-62897,95125,4,2.5,3272,3299000,1008.3
239,1534-Willowgate-Dr_San-Jose_CA_95118_M13647-35115,95118,4,2,1233,950000,770.5
240,1545-Pine-St-Apt-504_San-Francisco_CA_94109_M90754-82723,94109,Studio,1,630,829000,1315.9
241,1550-Technology-Dr-Unit-2070_San-Jose_CA_95110_M11422-00576,95110,2,2,1133,699800,617.7
242,1550-Technology-Dr-Unit-3035_San-Jose_CA_95110_M17027-92149,95110,2,2,1133,699000,616.9
243,1555-Farmer-Pl_Santa-Clara_CA_95051_M20903-37192,95051,4,3.5,1993,1499000,752.1
244,1555-Tarrytown-St_San-Mateo_CA_94402_M10376-49980,94402,4,2,1800,1798000,998.9
245,15565-Swiss-Creek-Ln_Cupertino_CA_95014_M21744-09190,95014,6,4.5,6246,3400000,544.3
246,155-N-El-Camino-Real-Apt-19_San-Mateo_CA_94401_M17319-72574,94401,2,1,860,685000,796.5
247,155-N-El-Camino-Real-Apt-30_San-Mateo_CA_94401_M29233-43903,94401,1,1,710,595000,838
248,1560-Wawona-Dr_San-Jose_CA_95125_M27548-59567,95125,3,2,1800,1588000,882.2
249,1561-Marina-Ct_San-Mateo_CA_94403_M13393-85589,94403,2,1,1000,675000,675
250,1562-Clampett-Way_San-Jose_CA_95131_M23613-81779,95131,3,2.5,1352,998000,738.2
251,1566-Guadalajara-Dr_San-Jose_CA_95120_M21251-95310,95120,4,2.5,2013,1490000,740.2
252,1568-Warbler-Ave_Sunnyvale_CA_94087_M14977-71472,94087,3,2,1448,1750000,1208.6
253,156-Incense-Ter_Sunnyvale_CA_94086_M20650-17046,94086,4,3.5,1914,1599000,835.4
254,156-Summit-Way_San-Francisco_CA_94132_M23161-37742,94132,3,2,1547,1225000,791.9
255,1583-46th-Ave_San-Francisco_CA_94122_M12092-44605,94122,3,2,1300,1089000,837.7
256,1586-Magpie-Ln_Sunnyvale_CA_94087_M13993-52118,94087,4,2,1837,2188000,1191.1
257,159-11th-Ave_San-Mateo_CA_94401_M20095-31240,94401,3,2,1757,1600000,910.6
258,1591-Lexington-Ave_San-Mateo_CA_94402_M24262-04892,94402,4,2,1730,2500000,1445.1
259,159-W-38th-Ave_San-Mateo_CA_94403_M15575-09878,94403,3,2,1428,1499888,1050.3
260,1608-Almond-Blossom-Ln_San-Jose_CA_95124_M21885-29039,95124,6,4,2989,1789000,598.5
261,1612-Vireo-Ave_Sunnyvale_CA_94087_M15299-69246,94087,5,3,2479,2068000,834.2
262,1624-Monte-Diablo-Ave_San-Mateo_CA_94401_M14762-29709,94401,3,2,1610,1495000,928.6
263,1625-S-Norfolk-St_San-Mateo_CA_94401_M17828-53884,94401,3,2,1240,1218000,982.3
264,1631-Cabrillo-Ave_Santa-Clara_CA_95050_M12506-35113,95050,3,1,985,999000,1014.2
265,1635-Monroe-St_Santa-Clara_CA_95050_M96872-30866,95050,4,3,2120,1568000,739.6
266,1637-Kitchener-Dr_Sunnyvale_CA_94087_M17912-40769,94087,4,2,1768,2238000,1265.8
267,1641-Eagle-Dr_Sunnyvale_CA_94087_M13667-81684,94087,5,3,3009,2988000,993
268,1642-S-Wolfe-Rd_Sunnyvale_CA_94087_M15018-33460,94087,3,2,1424,1399000,982.4
269,1645-Klipspringer-Dr_San-Jose_CA_95124_M25002-44126,95124,3,2.5,1438,1399000,972.9
270,1649-Monroe-St_Santa-Clara_CA_95050_M91909-06004,95050,4,3,2358,1748000,741.3
271,1651-Cunningham-St_Santa-Clara_CA_95050_M12447-84360,95050,3,1,1021,1069900,1047.9
272,1651-Longspur-Ave_Sunnyvale_CA_94087_M14166-80781,94087,3,3,1782,2198000,1233.4
273,1652-Belleville-Way_Sunnyvale_CA_94087_M17035-91272,94087,2,1,834,880000,1055.2
274,1655-Page-St_San-Francisco_CA_94117_M29559-75175,94117,4,2,2515,1888000,750.7
275,1658-Jamestown-Dr_Cupertino_CA_95014_M24457-79783,95014,4,2.5,2337,2298800,983.7
276,165-Blossom-Hill-Rd-Spc-146_San-Jose_CA_95123_M17931-51910,95123,2,1,960,189000,196.9
277,165-Blossom-Hill-Rd-Spc-206_San-Jose_CA_95123_M96920-64267,95123,2,2,1060,189000,178.3
278,1665-Collingwood-Ave_San-Jose_CA_95125_M22460-95474,95125,4,3.5,2598,2149000,827.2
279,1670-Avina-Cir-Unit-1_Santa-Clara_CA_95054_M19757-83611,95054,3,3.5,1853,1250000,674.6
280,167-E-Hillsdale-Blvd_San-Mateo_CA_94403_M22539-13067,94403,5,5,2653,2195000,827.4
281,1685-Bayridge-Way-Apt-204_San-Mateo_CA_94402_M26610-12520,94402,2,2,1228,825000,671.8
282,1685-Messina-Dr_San-Jose_CA_95132_M28405-58639,95132,3,2,1742,1228000,704.9
283,168-Brahms-Way_Sunnyvale_CA_94087_M28049-34415,94087,3,2,1056,1048000,992.4
284,1690-Civic-Center-Dr-Apt-601_Santa-Clara_CA_95050_M13282-97338,95050,3,2.5,1424,1057000,742.3
285,1691-Lupton-Ave_San-Jose_CA_95125_M20464-24554,95125,3,2,1434,1375000,958.9
286,169-Alpine-Ter_San-Francisco_CA_94117_M10204-15903,94117,2,2,1930,2195000,1137.3
287,169-Rabbit-Ct_Fremont_CA_94539_M15659-88782,94539,4,3,1728,1389000,803.8
288,1700-Civic-Center-Dr-Apt-203_Santa-Clara_CA_95050_M13237-88159,95050,1,1,653,500000,765.7
289,1700-Civic-Center-Dr-Apt-513_Santa-Clara_CA_95050_M13165-95832,95050,1,1,653,495000,758
290,1700-De-Anza-Blvd-Apt-111_San-Mateo_CA_94403_M17055-24116,94403,2,2,1089,968000,888.9
291,1701-Jackson-St-Apt-506_San-Francisco_CA_94109_M28741-30606,94109,2,2,1108,1259000,1136.3
292,1707-Chesterton-Cir_San-Jose_CA_95133_M22029-80704,95133,4,3,1707,1150888,674.2
293,1711-Civic-Center-Dr_Santa-Clara_CA_95050_M13005-71476,95050,3,2.5,1731,1139000,658
294,1716-Harrison-St_Santa-Clara_CA_95050_M18633-61740,95050,2,2.5,1208,748000,619.2
295,1716-Monte-Diablo-Ave_San-Mateo_CA_94401_M15546-37252,94401,3,2,1140,1199999,1052.6
296,1720-Laurentian-Way_Sunnyvale_CA_94087_M18911-50761,94087,6,3,2940,2450000,833.3
297,1721-Horner-Way_Fremont_CA_94536_M21848-38396,94536,4,1.5,1472,1078999,733
298,1724-Palm-Ave_San-Mateo_CA_94402_M22731-90932,94402,3,1.5,1690,1898000,1123.1
299,172-N-Murphy-Ave_Sunnyvale_CA_94086_M26662-67843,94086,3,2.5,1193,1699888,1424.9
300,1730-Eleanor-Dr_San-Mateo_CA_94402_M13430-44379,94402,3,2,1200,1642000,1368.3
301,17310-Stevens-Canyon-Rd_Cupertino_CA_95014_M28759-98978,95014,3,1,786,2300000,2926.2
302,1734-Pomeroy-Ave_Santa-Clara_CA_95051_M11678-30189,95051,4,2,1777,1698000,955.5
303,1735-Bowers-Ave_Santa-Clara_CA_95051_M10307-66053,95051,3,3,1397,1388000,993.6
304,1736-Hayes-St_San-Francisco_CA_94117_M23321-33393,94117,2,1,1264,1195000,945.4
305,173-Saratoga-Ave_Santa-Clara_CA_95050_M11536-95025,95050,3,2.5,1855,1199000,646.4
306,1742-Herschel-St_San-Mateo_CA_94403_M18214-24135,94403,3,2,1300,1299000,999.2
307,174-Matadero-Dr_Sunnyvale_CA_94086_M15969-58890,94086,3,2,1210,1498000,1238
308,1750-Halford-Ave-Apt-210_Santa-Clara_CA_95051_M29751-27975,95051,1,1,732,499500,682.4
309,1750-Hudson-Dr_San-Jose_CA_95124_M21872-81593,95124,4,2,1546,1548000,1001.3
310,1752-Lexington-Ave_San-Mateo_CA_94402_M10872-39577,94402,4,2,2030,2065000,1017.2
311,1753-El-Codo-Way_San-Jose_CA_95124_M16024-18519,95124,4,2,1558,1200000,770.2
312,1756-Chevalier-Dr_San-Jose_CA_95124_M17743-29460,95124,3,2,1066,1145000,1074.1
313,1756-Vista-del-Sol_San-Mateo_CA_94404_M18795-82972,94404,2,2,1070,950000,887.9
314,1759-Lexington-Ave_San-Mateo_CA_94402_M10722-21403,94402,4,2,1730,1699000,982.1
315,175-Red-Rock-Way-Apt-209K_San-Francisco_CA_94131_M16544-07107,94131,Studio,1,474,492000,1038
316,1769-Higgins-Ave_Santa-Clara_CA_95051_M10768-64023,95051,5,2,1302,1288888,989.9
317,1776-Grove-St_San-Francisco_CA_94117_M10681-17898,94117,3,2,1660,1550000,933.7
318,1777-Lafayette-St-Unit-107_Santa-Clara_CA_95050_M21206-40579,95050,2,1,1560,838800,537.7
319,1777-Whispering-Willow-Pl_San-Jose_CA_95125_M25592-39262,95125,4,2.5,2949,1798000,609.7
320,177-Idora-Ave_San-Francisco_CA_94127_M11483-29310,94127,2,1,1176,1398000,1188.8
321,177-N-El-Camino-Real-Apt-26_San-Mateo_CA_94401_M11531-32061,94401,1,1,710,525000,739.4
322,177-Townsend-St-Unit-535_San-Francisco_CA_94107_M28939-65380,94107,2,2,927,1049000,1131.6
323,1783-Adams-St_San-Mateo_CA_94403_M24388-38046,94403,4,3,1540,1050000,681.8
324,178-Stevenson-Blvd_Fremont_CA_94539_M10661-00308,94539,4,3.5,1858,1398000,752.4
325,1796-Bowers-Ave_Santa-Clara_CA_95051_M12479-89231,95051,4,2,1330,1488000,1118.8
326,1797-Hillebrant-Pl_Santa-Clara_CA_95050_M19888-63957,95050,3,3.5,1548,1250000,807.5
327,1812-Frobisher-Way_San-Jose_CA_95124_M14114-04670,95124,4,2.5,2295,1949000,849.2
328,181-Hudson-Pl_San-Jose_CA_95123_M25984-20072,95123,3,3.5,1739,799888,460
329,1835-Woodland-Ave_Santa-Clara_CA_95050_M10983-17834,95050,3,1.5,1685,1475000,875.4
330,1840-Catherine-St_Santa-Clara_CA_95050_M10802-69745,95050,3,2.5,1342,1249950,931.4
331,1840-Northwest-Cir_San-Jose_CA_95131_M17635-09742,95131,3,2.5,1651,1058000,640.8
332,1842-University-Ave_San-Jose_CA_95126_M29090-64814,95126,4,3,2695,2799000,1038.6
333,1847-Vollmer-Way_San-Jose_CA_95116_M10061-05354,95116,3,1,1109,749900,676.2
334,18660-Runo-Ct_Cupertino_CA_95014_M26855-48857,95014,4,3,2391,2800000,1171.1
335,1868-Van-Ness-Ave-Apt-803_San-Francisco_CA_94109_M21450-57473,94109,2,2,938,1598000,1703.6
336,18760-Newsom-Ave_Cupertino_CA_95014_M26845-79942,95014,3,2,2164,2288000,1057.3
337,18770-Barnhart-Ave_Cupertino_CA_95014_M27203-92513,95014,4,2,1388,1535000,1105.9
338,1877-Hillebrant-Pl_Santa-Clara_CA_95050_M12279-08054,95050,3,3.5,1637,1295000,791.1
339,18811-Loree-Ave_Cupertino_CA_95014_M26463-82351,95014,5,2.5,1257,1648000,1311.1
340,18830-Newsom-Ave_Cupertino_CA_95014_M27096-22656,95014,3,2,1249,1668000,1335.5
341,1883-Agnew-Rd-Unit-236_Santa-Clara_CA_95054_M15977-44286,95054,3,2,1361,888888,653.1
342,1883-Agnew-Rd-Unit-252_Santa-Clara_CA_95054_M28402-78822,95054,2,2,1070,799000,746.7
343,1883-Agnew-Rd-Unit-350_Santa-Clara_CA_95054_M24382-28980,95054,2,2,1152,798000,692.7
344,1883-Agnew-Rd-Unit-357_Santa-Clara_CA_95054_M28227-63829,95054,2,2,1070,799000,746.7
345,1883-Agnew-Rd-Unit-436_Santa-Clara_CA_95054_M16235-69584,95054,3,2,1361,899800,661.1
346,18861-Barnhart-Ave_Cupertino_CA_95014_M26733-25628,95014,3,2,1196,1825000,1525.9
347,18901-Tuggle-Ave_Cupertino_CA_95014_M26820-08592,95014,3,1,886,1530000,1726.9
348,18-Castro-St_San-Francisco_CA_94114_M28088-73478,94114,3,3.5,2374,1995000,840.4
349,1901-Edinburgh-St_San-Mateo_CA_94403_M17668-06784,94403,3,2,1880,1798000,956.4
350,1903-Miraplaza-Ct-Apt-16_Santa-Clara_CA_95051_M29918-23117,95051,2,2,1041,799950,768.4
351,1907-Magdalena-Cir-Apt-42_Santa-Clara_CA_95051_M29651-77968,95051,2,2.5,1228,950000,773.6
352,1919-Alameda-de-Las-Pulgas-Apt-16_San-Mateo_CA_94403_M26416-71496,94403,2,2,1056,849000,804
353,1919-Alameda-de-Las-Pulgas-Apt-78_San-Mateo_CA_94403_M28851-04005,94403,1,1,692,599999,867.1
354,191-Caselli-Ave_San-Francisco_CA_94114_M17164-11338,94114,3,2,1697,1875000,1104.9
355,1920-Playa-St_San-Mateo_CA_94403_M28635-80737,94403,3,2,1789,1599000,893.8
356,1928-23rd-Ave_San-Francisco_CA_94116_M17349-92522,94116,3,1,1500,1195000,796.7
357,1930-Mission-St-16_San-Francisco_CA_94103_M18724-32434,94103,2,1,776,759000,978.1
358,1930-Sutter-St_San-Francisco_CA_94115_M11634-71233,94115,2,1.5,1163,1295000,1113.5
359,19503-Stevens-Creek-Blvd-Ste-328_Cupertino_CA_95014_M18580-93271,95014,2,2,1102,933000,846.6
360,1951-Ofarrell-St-Apt-308_San-Mateo_CA_94403_M13437-84623,94403,2,2,1195,948000,793.3
361,1951-Ofarrell-St-Apt-414_San-Mateo_CA_94403_M29184-68396,94403,2,2,1233,950000,770.5
362,1953-Ceylon-Ave_San-Jose_CA_95122_M15722-67222,95122,3,1.5,960,650000,677.1
363,196-Fecundo-Ter_Fremont_CA_94539_M91400-85089,94539,5,5,3300,2558000,775.2
364,1972-Stanley-Ave_Santa-Clara_CA_95050_M20360-52118,95050,4,2,1714,1568000,914.8
365,19850-Portal-Plz_Cupertino_CA_95014_M25948-06287,95014,2,2.5,1326,1388800,1047.4
366,1987-Monroe-St_Santa-Clara_CA_95050_M12580-13770,95050,4,2.5,1722,1150000,667.8
367,19882-Portal-Plz_Cupertino_CA_95014_M26210-78776,95014,2,2.5,1166,999998,857.6
368,19-Condon-Ct_San-Mateo_CA_94403_M12784-25235,94403,4,3.5,2811,1999000,711.1
369,1-Baldwin-Ave-Apt-912_San-Mateo_CA_94401_M22068-63852,94401,1,1,1000,479000,479
370,1-Grand-View-Ter_San-Francisco_CA_94114_M14490-86040,94114,3,2.5,1748,1499000,857.6
371,20012-Northcrest-Sq_Cupertino_CA_95014_M16429-22318,95014,2,2,1060,1200000,1132.1
372,20054-Northwind-Sq_Cupertino_CA_95014_M16347-23811,95014,1,1,1062,998000,939.7
373,200-Poinsettia-Ave_San-Mateo_CA_94403_M26461-74377,94403,4,2,2032,1798000,884.8
374,200-Townsend-St-Unit-14_San-Francisco_CA_94107_M13429-37288,94107,1,1,735,850000,1156.5
375,2019-19th-St_San-Francisco_CA_94107_M27252-50445,94107,3,1,1460,1349000,924
376,201-Folsom-St-Apt-8H_San-Francisco_CA_94105_M25739-40719,94105,1,1,851,1050000,1233.8
377,201-Harrison-St-Apt-908_San-Francisco_CA_94105_M13812-55972,94105,1,1,544,748888,1376.6
378,202-Peppermint-Tree-Ter-Unit-2_Sunnyvale_CA_94086_M25634-40438,94086,2,2.5,1251,999000,798.6
379,20314-Northglen-Sq_Cupertino_CA_95014_M16107-24544,95014,2,2,1060,1100000,1037.7
380,203-Castillon-Way_San-Jose_CA_95119_M27779-34186,95119,4,2,2010,1099000,546.8
381,2047-44th-Ave_San-Francisco_CA_94116_M19635-81813,94116,3,2,1595,1295000,811.9
382,2047-Ticonderoga-Dr_San-Mateo_CA_94402_M25186-24429,94402,4,2,2249,1898000,843.9
383,20488-Stevens-Creek-Blvd-Apt-1513_Cupertino_CA_95014_M22988-46316,95014,2,2,1324,1199950,906.3
384,20488-Stevens-Creek-Blvd-Apt-1604_Cupertino_CA_95014_M22487-06137,95014,2,2,1261,1288000,1021.4
385,20488-Stevens-Creek-Blvd-Apt-1711_Cupertino_CA_95014_M21315-71268,95014,2,2,1317,1149000,872.4
386,20488-Stevens-Creek-Blvd-Apt-2314_Cupertino_CA_95014_M15254-13385,95014,2,2,1500,1398000,932
387,20551-Shady-Oak-Ln_Cupertino_CA_95014_M18100-97336,95014,3,2.5,1598,1448000,906.1
388,20567-Cedarbrook-Ter_Cupertino_CA_95014_M18470-65151,95014,2,2.5,1385,1298888,937.8
389,20570-Sunrise-Dr_Cupertino_CA_95014_M23296-96373,95014,4,3,2164,2698800,1247.1
390,206-Peppermint-Tree-Ter-Unit-4_Sunnyvale_CA_94086_M13472-39808,94086,3,3,1225,1168000,953.5
391,20728-Celeste-Cir_Cupertino_CA_95014_M19826-75916,95014,2,2,1199,999999,834
392,20729-Celeste-Cir_Cupertino_CA_95014_M19703-03623,95014,1,1,871,775000,889.8
393,20748-Celeste-Cir_Cupertino_CA_95014_M19352-36371,95014,2,2,1199,1030000,859
394,20749-Celeste-Cir_Cupertino_CA_95014_M19320-68766,95014,2,2,1206,1098000,910.4
395,2079-15th-St-2057_San-Francisco_CA_94114_M11838-92970,94114,Studio,1,1312,1350000,1029
396,207-Spire-Cmn_Fremont_CA_94539_M29626-00990,94539,3,2.5,1591,978000,614.7
397,2081-Vista-del-Mar_San-Mateo_CA_94404_M29282-09328,94404,2,2,1374,1058000,770
398,208-Manitoba-Ter_Fremont_CA_94538_M22995-45656,94538,2,1.5,744,122800,165.1
399,2090-Del-Monte-Ave_Santa-Clara_CA_95051_M11733-45549,95051,3,2,1474,1198000,812.8
400,2090-Main-St_Santa-Clara_CA_95050_M12913-66789,95050,2,2,985,1099000,1115.7
401,2095-Scott-Blvd-Apt-3_Santa-Clara_CA_95050_M14821-71776,95050,3,2.5,1480,795000,537.2
402,20972-Greenleaf-Dr_Cupertino_CA_95014_M19871-10563,95014,5,4,3383,3375000,997.6
403,20-Larisa-Oaks-Pl_San-Jose_CA_95138_M29212-65298,95138,4,2.5,1722,1088000,631.8
404,20-Madison-Ave-Apt-111_San-Mateo_CA_94402_M21755-12310,94402,2,2,1117,1198800,1073.2
405,21072-Red-Fir-Ct_Cupertino_CA_95014_M23434-84771,95014,2,1.5,1003,949000,946.2
406,2108-Mendocino-Ln_San-Jose_CA_95124_M15633-81481,95124,3,2.5,1535,1088000,708.8
407,21098-White-Fir-Ct_Cupertino_CA_95014_M23031-25755,95014,3,2,1003,1098000,1094.7
408,210-Branham-Ln-E_San-Jose_CA_95111_M22733-31803,95111,3,2,1542,950000,616.1
409,2110-Rancho-McCormick-Blvd_Santa-Clara_CA_95050_M13363-84047,95050,3,2.5,1636,1195000,730.4
410,2117-Monterey-Ave_Santa-Clara_CA_95051_M11944-38072,95051,3,2,1302,1349000,1036.1
411,211-S-Norfolk-St_San-Mateo_CA_94401_M19696-79426,94401,2,2,1270,989000,778.7
412,211-Warren-Rd_San-Mateo_CA_94402_M23810-61314,94402,4,2,2322,3575000,1539.6
413,2123-Bush-St_San-Francisco_CA_94115_M18218-93551,94115,5,4,2860,3300000,1153.8
414,2135-California-St-Unit-A_San-Francisco_CA_94115_M95716-64707,94115,4,4,2182,2295000,1051.8
415,2149-17th-Ave_San-Francisco_CA_94116_M16134-94177,94116,2,1,1763,1250000,709
416,2150-Almaden-Rd-Spc-244_San-Jose_CA_95125_M96523-87266,95125,3,2,1160,289000,249.1
417,215-41st-Ave_San-Mateo_CA_94403_M15897-82185,94403,3,3,2290,2485000,1085.2
418,2159-Queens-Ln_San-Mateo_CA_94402_M14293-92717,94402,4,2,1480,1895000,1280.4
419,215-Red-Rock-Way-Apt-207J_San-Francisco_CA_94131_M29489-98373,94131,1,1,744,669000,899.2
420,21700-Rainbow-Ct_Cupertino_CA_95014_M25089-08289,95014,4,4.5,4850,3988000,822.3
421,21710-Regnart-Rd_Cupertino_CA_95014_M22615-74230,95014,4,2.5,2882,5898000,2046.5
422,2187-California-St_San-Francisco_CA_94115_M14337-31494,94115,4,3.5,4200,4700000,1119
423,218-Edgewood-Ave_San-Francisco_CA_94117_M22045-69291,94117,4,3,2936,3750000,1277.2
424,21965-Hyannisport-Dr_Cupertino_CA_95014_M21955-01714,95014,4,3,2119,2299888,1085.4
425,21972-McClellan-Rd_Cupertino_CA_95014_M22536-36584,95014,4,3.5,3814,3555000,932.1
426,2200-Agnew-Rd-Apt-223_Santa-Clara_CA_95054_M22425-28184,95054,2,2,1092,675000,618.1
427,2200-Agnew-Rd-Apt-312_Santa-Clara_CA_95054_M22279-57201,95054,2,2,1177,649999,552.3
428,2200-Agnew-Rd-Apt-322_Santa-Clara_CA_95054_M22434-59833,95054,2,2,1316,739888,562.2
429,2200-Agnew-Rd-Apt-323_Santa-Clara_CA_95054_M22446-52343,95054,2,2,1177,748000,635.5
430,22050-Regnart-Rd_Cupertino_CA_95014_M15789-59438,95014,5,4,6092,4195000,688.6
431,220-Lombard-St-Apt-419_San-Francisco_CA_94111_M27918-74247,94111,1,1,709,710000,1001.4
432,220-Mountain-Springs-Dr_San-Jose_CA_95136_M92619-51210,95136,2,2,1320,275000,208.3
433,22284-Carta-Blanca-St_Cupertino_CA_95014_M18667-04303,95014,4,2,2068,2588000,1251.5
434,222-8th-Ave-Apt-108_San-Mateo_CA_94401_M10219-67712,94401,2,2,1067,1000000,937.2
435,2230-California-St_San-Francisco_CA_94115_M14356-87510,94115,1,1,744,788000,1059.1
436,22381-McClellan-Rd_Cupertino_CA_95014_M22685-42961,95014,4,2.5,1807,2888000,1598.2
437,2241-Sacramento-St-Apt-2_San-Francisco_CA_94115_M17621-56245,94115,3,2,2050,2195000,1070.7
438,22434-Saint-Andrews-Ave_Cupertino_CA_95014_M21990-04712,95014,4,2,1910,2298000,1203.1
439,22561-Ricardo-Rd_Cupertino_CA_95014_M20870-50330,95014,4,3.5,2837,3310000,1166.7
440,225-Viento-Dr_Fremont_CA_94536_M26637-05756,94536,5,3,2365,1555000,657.5
441,2262-Plummer-Ave_San-Jose_CA_95125_M13038-95574,95125,3,1.5,1452,1499000,1032.4
442,22687-Royal-Oak-Way_Cupertino_CA_95014_M21596-51877,95014,3,2.5,1614,1568000,971.5
443,22-Lyonridge-Ln_San-Mateo_CA_94402_M17119-63728,94402,3,2.5,1770,1400000,791
444,22-Presidio-Ave_San-Francisco_CA_94115_M28145-31724,94115,3,2.5,2380,3995000,1678.6
445,230-2nd-Ave-Unit-1_San-Francisco_CA_94118_M24216-25305,94118,4,3.5,2435,2249000,923.6
446,230-Calvert-Ct_Santa-Clara_CA_95051_M29718-37199,95051,3,2,1321,1695000,1283.1
447,2317-29th-Ave_San-Francisco_CA_94116_M21280-25045,94116,4,3,2046,1150000,562.1
448,2326-Warburton-Ave_Santa-Clara_CA_95050_M12685-60032,95050,4,2,1909,1750000,916.7
449,2346-Castro-Pl_Santa-Clara_CA_95050_M12205-24232,95050,3,2,1053,1048000,995.3
450,235-Red-Oak-Dr-W-Apt-K_Sunnyvale_CA_94086_M29378-99298,94086,2,1,926,700000,755.9
451,235-W-39th-Ave_San-Mateo_CA_94403_M15138-34194,94403,3,1.5,1300,1498000,1152.3
452,2362-La-Terrace-Cir_San-Jose_CA_95123_M24356-65396,95123,2,2,1157,650000,561.8
453,2364-Alberta-Ct_Santa-Clara_CA_95050_M13376-51089,95050,4,2,1393,1350000,969.1
454,23687-Black-Oak-Way_Cupertino_CA_95014_M21545-83709,95014,4,3.5,3125,3188000,1020.2
455,2368-Benton-St_Santa-Clara_CA_95050_M26160-96512,95050,3,1.5,1330,1290000,969.9
456,236-Red-Oak-Dr-E-Apt-F_Sunnyvale_CA_94086_M29627-18416,94086,3,1.5,1174,798000,679.7
457,237-W-Poplar-Ave_San-Mateo_CA_94402_M21356-16445,94402,4,4.5,2640,3995000,1513.3
458,2380-Homestead-Rd-Unit-3103_Santa-Clara_CA_95050_M28532-19704,95050,1,1,624,499000,799.7
459,2388-Shoreside-Ct_Santa-Clara_CA_95054_M22187-89779,95054,4,2.5,1800,949000,527.2
460,238-Hackamore-Cmn_Fremont_CA_94539_M14003-78933,94539,2,1,878,608888,693.5
461,240-N-Bayshore-Blvd-Apt-108_San-Mateo_CA_94401_M10482-42954,94401,1,1,725,499000,688.3
462,2416-Glen-Fox-Ct_San-Jose_CA_95148_M21056-67956,95148,5,2,2206,1199000,543.5
463,2420-S-Park-Ln_Santa-Clara_CA_95051_M10869-25828,95051,3,3,1197,949999,793.6
464,2425-S-Norfolk-St-Apt-208_San-Mateo_CA_94403_M10271-13165,94403,2,2,1000,799000,799
465,2425-S-Norfolk-St-Apt-304_San-Mateo_CA_94403_M20218-27075,94403,1,1,690,678000,982.6
466,243-D-St_Fremont_CA_94536_M25157-97230,94536,3,3,1323,999998,755.9
467,2443-Clement-St-Apt-2_San-Francisco_CA_94121_M19246-35172,94121,1,1,590,749000,1269.5
468,2451-Golf-Links-Cir_Santa-Clara_CA_95050_M28904-85647,95050,3,2.5,2088,1299000,622.1
469,246-41st-Ave_San-Mateo_CA_94403_M16371-84464,94403,3,1.5,1930,1299000,673.1
470,2470-15th-St_San-Francisco_CA_94114_M21172-92454,94114,6,4,3957,2450000,619.2
471,247-Martinvale-Ln_San-Jose_CA_95119_M17375-95391,95119,4,2,1308,888000,678.9
472,2481-Washington-Blvd_Fremont_CA_94539_M98174-63661,94539,3,3.5,1954,1298000,664.3
473,2491-Corriea-Way_Fremont_CA_94539_M16127-94806,94539,3,3,1306,1289900,987.7
474,2491-Ocala-Ave_San-Jose_CA_95122_M13916-99210,95122,3,2,1094,775000,708.4
475,2494-Golf-Links-Cir_Santa-Clara_CA_95050_M29438-50477,95050,3,2,1825,1325000,726
476,2495-Benton-St_Santa-Clara_CA_95051_M25327-69865,95051,3,2,1564,1298000,829.9
477,24-N-Rochester-St_San-Mateo_CA_94401_M19450-46638,94401,2,1,930,1098000,1180.6
478,2509-Filbert-St_San-Francisco_CA_94123_M25949-00996,94123,5,3.5,3210,4994000,1555.8
479,2509-Royalridge-Way_Santa-Clara_CA_95051_M11632-09212,95051,3,2.5,1383,999888,723
480,250-King-St-Unit-744_San-Francisco_CA_94107_M20842-20900,94107,2,2,1112,999000,898.4
481,250-Santa-Fe-Ter-Apt-107_Sunnyvale_CA_94085_M27094-21805,94085,2,2,1061,849900,801
482,251-Saint-Nicholas-Ct_Fremont_CA_94539_M18502-53391,94539,4,2,2031,1699900,837
483,2527-Palmdale-Ct_Santa-Clara_CA_95051_M11527-00216,95051,2,2,1092,938888,859.8
484,253-Honeylocust-Ter_Sunnyvale_CA_94086_M12736-39938,94086,3,2.5,1629,1299000,797.4
485,2546-32nd-Ave_San-Francisco_CA_94116_M14531-38826,94116,3,1,1546,1249000,807.9
486,2551-39th-Ave_San-Francisco_CA_94116_M27578-19473,94116,3,1,1300,1098000,844.6
487,257-Joost-Ave_San-Francisco_CA_94131_M20659-57655,94131,3,2.5,2300,1250000,543.5
488,2585-El-Camino-Real-Apt-202_Santa-Clara_CA_95051_M14791-43450,95051,2,2,1006,886000,880.7
489,258-Delmar-Way_San-Mateo_CA_94403_M22163-11731,94403,4,2.5,1810,1958000,1081.8
490,2590-Dixon-Dr_Santa-Clara_CA_95051_M26824-29890,95051,3,2,1166,1324900,1136.3
491,2592-Baton-Rouge-Dr_San-Jose_CA_95133_M12692-57844,95133,2,2.5,1504,828000,550.5
492,2600-Cortez-Dr-Unit-7201_Santa-Clara_CA_95051_M13999-10770,95051,3,2,974,800000,821.4
493,2602-Birchtree-Ln_Santa-Clara_CA_95051_M29206-71060,95051,5,3,2583,2199888,851.7
494,2614-Jackson-St_San-Francisco_CA_94115_M14812-45570,94115,4,4.5,5240,6495000,1239.5
495,2619-Elliot-St_Santa-Clara_CA_95051_M10738-82748,95051,3,2,1559,1550000,994.2
496,261-Buena-Vista-Ave-E_San-Francisco_CA_94117_M25861-35276,94117,3,2,1600,1650000,1031.3
497,2622-Raritan-Pl_San-Jose_CA_95148_M25044-82997,95148,3,3,1966,1179000,599.7
498,2625-Bonnie-Dr_Santa-Clara_CA_95051_M10514-48651,95051,4,2,1315,1420000,1079.8
499,2625-Keystone-Ave-Apt-208_Santa-Clara_CA_95051_M29401-98414,95051,2,1.5,1065,649950,610.3
500,2626-Filbert-St_San-Francisco_CA_94123_M25465-29802,94123,4,4.5,4185,18000000,4301.1
501,2627-16th-Ave_San-Francisco_CA_94116_M29308-45244,94116,3,1.5,1600,1495000,934.4
502,2650-Hosmer-St_San-Mateo_CA_94403_M24309-37666,94403,3,2,1100,1180000,1072.7
503,2658-Warburton-Ave_Santa-Clara_CA_95051_M10102-69784,95051,3,2.5,1757,1400000,796.8
504,2664-Senter-Rd-Apt-228_San-Jose_CA_95111_M28197-93286,95111,2,2,1026,529888,516.5
505,2681-Thrasher-Ln_San-Jose_CA_95125_M12278-98945,95125,4,3,2132,1798000,843.3
506,2682-Estella-Dr_Santa-Clara_CA_95051_M29513-03665,95051,5,3,2539,2198000,865.7
507,2683-15th-Ave_San-Francisco_CA_94127_M19222-42511,94127,3,3,2021,1850000,915.4
508,2691-24th-Ave_San-Francisco_CA_94116_M16634-30540,94116,3,2,1425,1199999,842.1
509,26-Naylor-St_San-Francisco_CA_94112_M24686-27535,94112,3,1.5,1796,1195000,665.4
510,2711-Aida-Ave_San-Jose_CA_95122_M25491-71160,95122,4,2,1502,848000,564.6
511,2711-Garfield-St_San-Mateo_CA_94403_M22865-95299,94403,2,1,890,1198000,1346.1
512,2722-Millbrae-Way_San-Jose_CA_95121_M14022-22727,95121,2,1,992,698000,703.6
513,2726-Donovan-Ave_Santa-Clara_CA_95051_M29893-63565,95051,3,3,1578,1199950,760.4
514,2730-Viterbo-Ct-Unit-2_San-Jose_CA_95111_M97660-74744,95111,2,2.5,1303,739000,567.2
515,2738-El-Sobrante-St_Santa-Clara_CA_95051_M26366-30047,95051,3,2,1418,1298000,915.4
516,277-Barton-Dr_Fremont_CA_94536_M25941-30241,94536,3,1,984,849000,862.8
517,2804-Dominici-Dr_Fremont_CA_94536_M23446-72023,94536,3,2,1671,1249000,747.5
518,280-Spear-St-27H_San-Francisco_CA_94105_M92489-59671,94105,Studio,1,668,875000,1309.9
519,2812-19th-St_San-Francisco_CA_94110_M21107-71403,94110,4,3,1713,1725000,1007
520,2815-Newhall-St_Santa-Clara_CA_95050_M14860-37650,95050,2,1.5,1267,850000,670.9
521,2818-Yorba-St_San-Francisco_CA_94116_M28870-57761,94116,4,2,1949,1249000,640.8
522,281-E-Eaglewood-Ave_Sunnyvale_CA_94085_M25793-26399,94085,3,2,1148,1229900,1071.3
523,2822-Arlington-Pl_Fremont_CA_94555_M11640-64219,94555,3,2,1390,1100000,791.4
524,2824-21st-St_San-Francisco_CA_94110_M29446-50943,94110,3,2,1713,1949000,1137.8
525,286-Meadowlake-Dr_Sunnyvale_CA_94089_M14596-08762,94089,4,3,1405,1388000,987.9
526,2876-Saratoga-Dr_San-Mateo_CA_94403_M22814-68585,94403,3,3,1610,1499000,931.1
527,2901-Salem-Dr_Santa-Clara_CA_95051_M27941-90451,95051,3,2.5,1630,1249888,766.8
528,2902-Mountain-Dr_Fremont_CA_94555_M18714-46340,94555,4,4.5,2910,1599000,549.5
529,2911-Salem-Dr_Santa-Clara_CA_95051_M28014-20044,95051,3,2.5,1630,1125000,690.2
530,2920-Pruneridge-Ave_Santa-Clara_CA_95051_M29909-91894,95051,4,2.5,1749,1748888,999.9
531,2923-Kaiser-Dr_Santa-Clara_CA_95051_M14919-25669,95051,3,3.5,1951,1550000,794.5
532,2939-McKinley-Dr_Santa-Clara_CA_95051_M10221-83513,95051,2,2,954,1150000,1205.5
533,2940-Via-Torino_Santa-Clara_CA_95051_M14877-89149,95051,3,3.5,1820,1499888,824.1
534,2980-Kaiser-Dr_Santa-Clara_CA_95051_M14874-91022,95051,4,3.5,1961,1550000,790.4
535,2980-Salem-Dr_Santa-Clara_CA_95051_M17913-87449,95051,3,2.5,1630,1124888,690.1
536,2980-Via-Torino_Santa-Clara_CA_95051_M14868-94767,95051,3,3.5,1600,1475000,921.9
537,298-Agustin-Narvaez-St_San-Jose_CA_95136_M93696-47577,95136,3,3.5,1792,1058143,590.5
538,2993-Knights-Bridge-Rd_San-Jose_CA_95132_M13119-35572,95132,4,2,1480,1050000,709.5
539,2995-Via-Torino_Santa-Clara_CA_95051_M14889-07127,95051,4,3.5,1961,1499000,764.4
540,3001-Kaiser-Dr-Unit-B_Santa-Clara_CA_95051_M27265-15500,95051,2,2,992,690000,695.6
541,3011-Del-Ray-St_San-Mateo_CA_94403_M20521-55255,94403,3,2,1400,1600000,1142.9
542,301-Crescent-Ct-Apt-3215_San-Francisco_CA_94134_M24828-85991,94134,1,1,803,498000,620.2
543,301-Mission-St-Apt-14H_San-Francisco_CA_94105_M13219-71480,94105,1,1,773,899000,1163
544,3023-Kaiser-Dr-Unit-H_Santa-Clara_CA_95051_M26935-35141,95051,2,1.5,1097,598000,545.1
545,3028-Lansdale-St_San-Mateo_CA_94403_M12829-23042,94403,3,2,1460,1658000,1135.6
546,3033-Kaiser-Dr-Unit-H_Santa-Clara_CA_95051_M27127-64367,95051,1,1,680,495000,727.9
547,3035-Dickens-Ct_Fremont_CA_94536_M23483-98617,94536,4,2.5,1980,1249000,630.8
548,3051-California-St_San-Francisco_CA_94115_M99239-44815,94115,2,2,1215,1230000,1012.3
549,3055-Hope-St_San-Jose_CA_95111_M10518-19293,95111,4,1,1210,850000,702.5
550,3055-Manuel-Loop_San-Jose_CA_95136_M25915-25872,95136,4,3.5,2148,1069900,498.1
551,305-Bridgeview-Dr_San-Francisco_CA_94124_M29423-63569,94124,2,1,987,875000,886.5
552,3061-El-Sobrante-St_Santa-Clara_CA_95051_M26582-44293,95051,2,1,1162,1428800,1229.6
553,306-Orchard-Ave_Sunnyvale_CA_94085_M25987-04689,94085,2,1,1092,1168000,1069.6
554,3070-Adams-Way_Santa-Clara_CA_95051_M29657-62851,95051,3,2,1683,1798000,1068.3
555,3070-Mawing-Rd_San-Mateo_CA_94403_M15176-84995,94403,4,3.5,2409,1850000,768
556,3080-Rockett-Dr_Fremont_CA_94538_M20218-63057,94538,4,3,1306,989900,758
557,3086-Humbolt-Ave_Santa-Clara_CA_95051_M26588-03282,95051,6,3,2707,2199000,812.3
558,3086-Taper-Ave_Santa-Clara_CA_95051_M12147-85277,95051,3,2,1458,1250000,857.3
559,3088-Toomey-Pl_Santa-Clara_CA_95051_M96226-81638,95051,4,4.5,2990,2383000,797
560,3089-Toomey-Pl-76_Santa-Clara_CA_95051_M93731-90682,95051,4,4.5,2557,2098000,820.5
561,309-42nd-Ave_San-Mateo_CA_94403_M16822-90775,94403,3,1,1230,1449500,1178.5
562,309-Saturn-Ter_Sunnyvale_CA_94086_M16621-11894,94086,3,2.5,1400,1450000,1035.7
563,30-E-Julian-St-Unit-102_San-Jose_CA_95112_M10685-09360,95112,2,2,1235,769000,622.7
564,30-E-Julian-St-Unit-105_San-Jose_CA_95112_M10736-89326,95112,2,2,1271,814999,641.2
565,3100-Sunset-Ter_San-Mateo_CA_94403_M20401-89738,94403,3,1.5,1080,1598000,1479.6
566,3105-Machado-Ave_Santa-Clara_CA_95051_M12008-10548,95051,3,2,1078,995000,923
567,3121-Mount-Vista-Dr_San-Jose_CA_95127_M20666-32141,95127,4,2,1260,950000,754
568,3128-Laguna-St_San-Francisco_CA_94123_M14690-34200,94123,2,1,1121,1495000,1333.6
569,3131-Membrillo-Corte_Santa-Clara_CA_95051_M26135-62428,95051,3,2.5,1543,1350000,874.9
570,314-Dorantes-Ave_San-Francisco_CA_94116_M21926-70083,94116,2,2,1497,1495000,998.7
571,3151-Arroba-Way_San-Jose_CA_95118_M10747-80188,95118,4,1,1140,895000,785.1
572,315-Avenida-Pinos_San-Jose_CA_95123_M14073-90098,95123,3,2,1374,925000,673.2
573,316-N-El-Camino-Real-Apt-118_San-Mateo_CA_94401_M28444-67648,94401,2,2,970,788000,812.4
574,316-S-Humboldt-St_San-Mateo_CA_94401_M29533-05754,94401,2,2.5,1580,1299000,822.2
575,3176-Vinifera-Dr_San-Jose_CA_95135_M27392-50211,95135,3,2.5,1628,1049000,644.3
576,3181-Monroe-St_Santa-Clara_CA_95051_M11118-19478,95051,3,1,897,998888,1113.6
577,318-Spear-St-IT5G_San-Francisco_CA_94105_M27765-01295,94105,1,1,538,675000,1254.6
578,31-Justin-Dr_San-Francisco_CA_94112_M21337-55777,94112,2,1,1500,1749000,1166
579,3206-Woodcrest-Dr_San-Jose_CA_95118_M18650-44914,95118,3,2,1573,1299000,825.8
580,3210-Gatelight-Ct_San-Jose_CA_95148_M26543-98809,95148,4,3,2021,1350000,668
581,3220-Red-Cedar-Ter_Fremont_CA_94536_M25571-61050,94536,Studio,1,421,379999,902.6
582,3222-Glendora-Dr-Apt-108_San-Mateo_CA_94403_M12194-79409,94403,1,1,807,698888,866
583,3235-Greenwood-Dr_Fremont_CA_94536_M22158-80926,94536,5,4,1892,1099000,580.9
584,324-41st-Ave_San-Mateo_CA_94403_M18540-00866,94403,4,2,2570,1999000,777.8
585,324-Catalpa-St-Apt-317_San-Mateo_CA_94401_M29308-96695,94401,1,1,505,419000,829.7
586,324-E-Bellevue-Ave_San-Mateo_CA_94401_M22537-86748,94401,2,1,1212,1250000,1031.4
587,325-Madison-St_Santa-Clara_CA_95050_M21352-91323,95050,4,3,912,1088000,1193
588,3271-Catalina-Ave_Santa-Clara_CA_95051_M26340-95962,95051,4,2,1700,1749000,1028.8
589,3271-Fallen-Oak-Ct_San-Jose_CA_95148_M18336-90958,95148,3,1.5,892,919888,1031.3
590,3283-Los-Prados-St_San-Mateo_CA_94403_M27765-27496,94403,4,2,1550,1398000,901.9
591,3292-Geneva-Dr_Santa-Clara_CA_95051_M29439-99540,95051,3,3,1826,1798000,984.7
592,3300-Narvaez-Ave-Spc-116_San-Jose_CA_95136_M28216-05710,95136,2,2,960,120000,125
593,3301-Cannongate-Ct_San-Jose_CA_95121_M26222-72418,95121,2,1,826,559000,676.8
594,3303-Kifer-Rd-Unit-111_Santa-Clara_CA_95051_M94973-90357,95051,4,3.5,1940,1449995,747.4
595,3306-Mosscreek-Ln_San-Jose_CA_95121_M22481-10984,95121,2,1.5,1008,555000,550.6
596,3309-Benton-St_Santa-Clara_CA_95051_M26582-81559,95051,3,2,1325,1150000,867.9
597,33120-Falcon-Dr_Fremont_CA_94555_M14659-55620,94555,4,2.5,2307,1558000,675.3
598,3315-Peralta-Blvd_Fremont_CA_94536_M21867-38959,94536,3,1.5,1225,950000,775.5
599,33212-Lake-Lanier-Pl_Fremont_CA_94555_M12622-22712,94555,2,1,880,759000,862.5
600,3321-3323-Scott-St_San-Francisco_CA_94123_M24722-21513,94123,5,3,3300,3995000,1210.6
601,3322-Owen-Cmn_Fremont_CA_94536_M22223-65200,94536,2,1,900,549999,611.1
602,332-Cresta-Vista-Dr_San-Francisco_CA_94127_M29044-86850,94127,3,2,1624,1399000,861.5
603,3331-Pruneridge-Ave_Santa-Clara_CA_95051_M27842-03179,95051,5,3,2679,1699000,634.2
604,3331-Senter-Rd_San-Jose_CA_95111_M25770-85277,95111,3,2,1197,572000,477.9
605,3332-Allen-Ct_Santa-Clara_CA_95051_M29360-99161,95051,5,3,1868,1888000,1010.7
606,333-Grant-Ave-Apt-307_San-Francisco_CA_94108_M20258-56319,94108,1,1,676,785000,1161.2
607,3352-24th-St_San-Francisco_CA_94110_M26230-73771,94110,3,2,1750,1695000,968.6
608,3354-Londonderry-Pl_Santa-Clara_CA_95050_M11435-21422,95050,3,2,1511,1475000,976.2
609,335-Pineview-Dr_Santa-Clara_CA_95050_M10735-35982,95050,4,3,2251,1688888,750.3
610,3365-Georgetown-Pl_Santa-Clara_CA_95051_M12319-27610,95051,4,3.5,2024,1999950,988.1
611,336-Amaryllis-Ter_Sunnyvale_CA_94086_M22803-99031,94086,3,2.5,1512,1298888,859.1
612,3389-Foxtail-Ter_Fremont_CA_94536_M27190-50785,94536,2,2,840,500000,595.2
613,338-Harvard-Cmn_Fremont_CA_94539_M14739-85802,94539,6,5.5,5456,3199888,586.5
614,338-Main-St-D9G_San-Francisco_CA_94105_M14115-76445,94105,2,2,1401,1695000,1209.9
615,3392A-16th-St_San-Francisco_CA_94114_M11329-42050,94114,2,2,1200,1295000,1079.2
616,34112-Via-Lucca_Fremont_CA_94555_M18017-24757,94555,2,2,1231,374049,303.9
617,34157-Donahue-Ter_Fremont_CA_94555_M21343-57565,94555,4,3,2102,1458800,694
618,3417-Virgo-Ln_San-Jose_CA_95111_M20390-39600,95111,3,2,1197,559888,467.7
619,34226-Petard-Ter_Fremont_CA_94555_M17607-29225,94555,3,3,1755,1048000,597.2
620,34246-Trampini-Cmn-78_Fremont_CA_94555_M21170-66167,94555,4,3,2086,1249800,599.1
621,34252-Della-Ter_Fremont_CA_94555_M19106-50112,94555,3,2.5,1481,1099999,742.7
622,34258-Trampini-Cmn-81_Fremont_CA_94555_M11482-98525,94555,3,3,1933,1098000,568
623,34279-Mimosa-Ter_Fremont_CA_94555_M21167-30774,94555,4,3,2159,1435000,664.7
624,34321-Gadwall-Cmn_Fremont_CA_94555_M16287-33257,94555,2,2.5,1554,868800,559.1
625,34341-Maybird-Cir_Fremont_CA_94555_M20192-05802,94555,4,2.5,1812,1299999,717.4
626,3435-Benton-St_Santa-Clara_CA_95051_M27084-41518,95051,4,2.5,1476,1120000,758.8
627,3441-Foxtail-Ter_Fremont_CA_94536_M12105-63401,94536,2,1,750,449950,599.9
628,3441-Wine-Cork-Way_San-Jose_CA_95124_M18842-48247,95124,2,1,868,629950,725.7
629,3449-Cedardale-Dr_San-Jose_CA_95148_M15006-50304,95148,4,2.5,2516,1348000,535.8
630,34500-Yukon-Ct_Fremont_CA_94555_M96045-86135,94555,4,2,1496,1199000,801.5
631,34540-Wells-Ave_Fremont_CA_94555_M14141-93226,94555,3,2,1376,1050000,763.1
632,3455-Bonita-Ave_Santa-Clara_CA_95051_M11676-81125,95051,3,2,1240,1200000,967.7
633,34607-Fielding-Ct_Fremont_CA_94555_M10283-41657,94555,4,2,1600,1249999,781.2
634,34620-Creekwood-Ter_Fremont_CA_94555_M18936-94108,94555,4,2.5,1680,1280000,761.9
635,3485-Pruneridge-Ave_Santa-Clara_CA_95051_M27882-65167,95051,3,1.5,1500,1378000,918.7
636,34903-Machado-Cmn_Fremont_CA_94555_M10689-69786,94555,2,3,1441,978000,678.7
637,34918-Machado-Cmn_Fremont_CA_94555_M10691-18849,94555,3,3.5,2023,1160000,573.4
638,3492-Toomey-Pl_Santa-Clara_CA_95051_M95328-34073,95051,3,3.5+,2462,1995000,810.3
639,3498-Toomey-Pl-63_Santa-Clara_CA_95051_M93203-62016,95051,4,4.5,2557,2223000,869.4
640,349-Gold-Mine-Dr_San-Francisco_CA_94131_M13537-45483,94131,4,2.5,1898,1895000,998.4
641,34-W-Clay-St_San-Francisco_CA_94121_M15647-47175,94121,5,4,5395,6250000,1158.5
642,3501-Ranch-Pl_San-Jose_CA_95132_M24804-18645,95132,4,2,2404,1599000,665.1
643,3510-Hilary-Dr_San-Jose_CA_95124_M18104-35787,95124,3,2,1281,1289000,1006.2
644,3511-Tracy-Dr_Santa-Clara_CA_95051_M29399-74819,95051,3,2,1420,1895000,1334.5
645,3517-Casanova-Dr_San-Mateo_CA_94403_M26652-77285,94403,3,2.5,1740,1698000,975.9
646,35198-Lancero-St_Fremont_CA_94536_M13911-25607,94536,4,2,1399,1150000,822
647,35233-Gawain-Ct_Fremont_CA_94536_M11680-51675,94536,4,2,1942,1349990,695.2
648,35248-Cabral-Dr_Fremont_CA_94536_M13510-64719,94536,5,3,1727,1200000,694.8
649,352-Roosevelt-Way_San-Francisco_CA_94114_M94448-24243,94114,1,1,455,598000,1314.3
650,35316-Cabrillo-Dr_Fremont_CA_94536_M14252-61211,94536,4,2,1399,1100000,786.3
651,35324-Terra-Cotta-Cir_Fremont_CA_94536_M99953-02281,94536,4,3,2462,1495000,607.2
652,35390-Lancero-St_Fremont_CA_94536_M14311-86495,94536,3,2,1232,989000,802.8
653,353-Amaryllis-Ter_Sunnyvale_CA_94086_M22800-63637,94086,3,2.5,1353,1345000,994.1
654,3540-Benton-St_Santa-Clara_CA_95051_M26595-85867,95051,3,2,1166,1349000,1156.9
655,354-24th-Ave-3_San-Francisco_CA_94121_M28666-40152,94121,3,2,2500,1698000,679.2
656,354-Stacey-Cmn_Fremont_CA_94539_M99999-02048,94539,1,1,675,500000,740.7
657,355-1st-St-Unit-1707_San-Francisco_CA_94105_M17590-78365,94105,2,2,1166,1495000,1282.2
658,3572-Wolf-Pl_Santa-Clara_CA_95051_M26521-72358,95051,4,3.5,1993,1399950,702.4
659,3575-Buttonwood-Ter-Apt-203_Fremont_CA_94536_M24387-31261,94536,2,2,981,515000,525
660,3578-Hart-Cmn_Fremont_CA_94538_M27597-65984,94538,3,2.5,1637,1029950,629.2
661,3578-Rambla-Pl-Unit-313_Santa-Clara_CA_95051_M94670-02660,95051,2,2.5,1432,1099995,768.2
662,3578-Rambla-Pl-Unit-415_Santa-Clara_CA_95051_M96716-44293,95051,2,2.5,1432,1119995,782.1
663,3578-Rambla-Pl-Unit-416_Santa-Clara_CA_95051_M91164-21416,95051,1,1,936,899995,961.5
664,3581-Flint-Creek-Dr_San-Jose_CA_95148_M13377-75391,95148,3,2.5,1720,755000,439
665,3585-Druffel-Pl_Santa-Clara_CA_95051_M19924-78753,95051,4,4,1998,1448000,724.7
666,3586-Slopeview-Dr_San-Jose_CA_95148_M15683-13884,95148,4,3,2106,1388000,659.1
667,35890-Molina-Ct_Fremont_CA_94536_M13067-92779,94536,4,2,1630,1175000,720.9
668,36126-Fanshawe-Ct_Fremont_CA_94536_M18564-50910,94536,4,3,2160,1199800,555.5
669,36250-Larch-Way_Fremont_CA_94536_M24434-64036,94536,4,3.5,2701,1598000,591.6
670,36353-Frobisher-Dr_Fremont_CA_94536_M18207-87403,94536,3,2,1168,979000,838.2
671,36408-Calabria-Cmn_Fremont_CA_94536_M10235-76750,94536,3,2.5,1882,1325000,704
672,3655-Kersten-Dr_San-Jose_CA_95124_M13741-90514,95124,3,2,1215,1230000,1012.3
673,3658-Capitol-Ave-Unit-302A_Fremont_CA_94538_M97801-12624,94538,1,1,728,620000,851.6
674,3658-Capitol-Ave-Unit-305A_Fremont_CA_94538_M92709-89266,94538,3,2.5,2072,988000,476.8
675,365-Esfahan-Ct_San-Jose_CA_95111_M12486-23912,95111,3,2.5,1724,865888,502.3
676,36653-Cabrillo-Dr_Fremont_CA_94536_M18181-78787,94536,2,1,841,718888,854.8
677,3672-Parish-Ave_Fremont_CA_94536_M99319-51058,94536,2,2.5,1283,922880,719.3
678,3680-Yorktown-Rd_Fremont_CA_94538_M26449-49615,94538,4,2,1340,1099000,820.1
679,3681-Manda-Dr_San-Jose_CA_95124_M14798-76727,95124,3,2,1309,1235000,943.5
680,36947-Reynolds-Dr_Fremont_CA_94536_M23128-09642,94536,5,4,3404,1799800,528.7
681,3695-Stevenson-Blvd-Unit-319_Fremont_CA_94538_M27568-21974,94538,2,2,1040,648800,623.8
682,369-N-Murphy-Ave_Sunnyvale_CA_94085_M26432-37491,94085,3,1,1042,1350000,1295.6
683,36-Avenida-Espana_San-Jose_CA_95139_M19818-07335,95139,4,1.5,1360,959000,705.1
684,37050-Meadowbrook-Cmn-Apt-104_Fremont_CA_94536_M23955-77301,94536,2,1,936,449000,479.7
685,370-E-28th-Ave-10C_San-Mateo_CA_94403_M15182-06718,94403,2,2.5,1390,1419888,1021.5
686,37135-Cabrillo-Dr_Fremont_CA_94536_M18775-06168,94536,4,2,1557,1098000,705.2
687,37155-Aspenwood-Cmn-Apt-103_Fremont_CA_94536_M24133-90421,94536,2,2,981,525000,535.2
688,3715-Terstena-Pl-Apt-204_Santa-Clara_CA_95051_M29801-96143,95051,2,2,1456,928000,637.4
689,37180-Oak-St_Fremont_CA_94536_M18884-99621,94536,2,1,1131,899950,795.7
690,37236-Yolo-Ter_Fremont_CA_94536_M18908-10109,94536,2,2,1052,599000,569.4
691,3728-Europe-Ct_Santa-Clara_CA_95051_M15514-71695,95051,3,2.5,1803,1230000,682.2
692,37311-Aspenwood-Cmn-Apt-102_Fremont_CA_94536_M23916-27111,94536,1,1,714,349000,488.8
693,374-11th-St-Unit-4_San-Francisco_CA_94103_M10866-77041,94103,3,2.5,1798,1400000,778.6
694,3744-Benton-St_Santa-Clara_CA_95051_M14584-18636,95051,4,3,1735,1688888,973.4
695,37461-Parish-Cir-2E_Fremont_CA_94536_M90616-58905,94536,2,2,1008,578000,573.4
696,37487-Parish-Cir-D14_Fremont_CA_94536_M24296-75637,94536,2,2,1008,635000,630
697,374-Coyote-Creek-Cir_San-Jose_CA_95116_M14424-57349,95116,2,2,849,539000,634.9
698,3750-Jasmine-Cir_San-Jose_CA_95135_M21043-87616,95135,2,2,1037,725888,700
699,3757-Savannah-Rd_Fremont_CA_94538_M25113-51211,94538,4,3,1776,1465000,824.9
700,3762-Carlysle-Ave_Santa-Clara_CA_95051_M15000-07428,95051,3,2,1147,1648000,1436.8
701,3768-Capitol-Ave-Unit-313B_Fremont_CA_94538_M98688-16586,94538,3,2.5,2072,998000,481.7
702,3768-Capitol-Ave-Unit-414B_Fremont_CA_94538_M92012-61485,94538,3,2,1433,878000,612.7
703,37941-Essanay-Pl_Fremont_CA_94536_M27145-36502,94536,3,2.5,1236,899000,727.3
704,379-Dunsmuir-Ter-Unit-3_Sunnyvale_CA_94085_M26532-24763,94085,3,3,1150,899000,781.7
705,379-Dunsmuir-Ter-Unit-4_Sunnyvale_CA_94085_M26569-51358,94085,2,2.5,1150,979000,851.3
706,37-Gladys-St_San-Francisco_CA_94110_M19760-46308,94110,2,2,1362,1295000,950.8
707,38009-Dover-Cmn_Fremont_CA_94536_M22282-15953,94536,2,1,900,649888,722.1
708,3801-Pasadena-Dr_San-Mateo_CA_94403_M25516-64798,94403,3,1,1080,1199950,1111.1
709,38066-Stenhammer-Dr_Fremont_CA_94536_M26705-99955,94536,3,1,2005,875000,436.4
710,3836-Dunford-Way_Santa-Clara_CA_95051_M14890-13975,95051,6,3,2072,1898888,916.5
711,383-Greenlake-Dr_Sunnyvale_CA_94089_M22809-86637,94089,3,2,1187,1150000,968.8
712,38500-Paseo-Padre-Pkwy-Apt-302_Fremont_CA_94536_M29923-03264,94536,2,1,950,529000,556.8
713,3853-Jenkinson-Lake-Way_Fremont_CA_94555_M13237-48783,94555,4,2,1496,1069999,715.2
714,386-Santa-Elena-Ter-1_Sunnyvale_CA_94085_M12821-63260,94085,3,3.5,1877,1399900,745.8
715,38700-Tyson-Ln-Apt-204_Fremont_CA_94536_M15688-07725,94536,2,2,1124,735000,653.9
716,38742-Huntington-Cir_Fremont_CA_94536_M27824-72315,94536,3,2.5,1284,788000,613.7
717,3880-Burton-Cmn_Fremont_CA_94536_M22618-29833,94536,3,2.5,1506,828800,550.3
718,3887-Kensington-Ave_Santa-Clara_CA_95051_M14909-89070,95051,3,2,1388,1688000,1216.1
719,3891-18th-St_San-Francisco_CA_94114_M25918-51486,94114,4,2,2123,1795000,845.5
720,389-E-Arques-Ave_Sunnyvale_CA_94085_M26264-30551,94085,3,1,912,1099888,1206
721,38-Bryant-St-Apt-901_San-Francisco_CA_94105_M18015-15378,94105,1,1,666,879000,1319.8
722,3901-Lick-Mill-Blvd-Apt-215_Santa-Clara_CA_95054_M28890-68684,95054,1,1,900,759759,844.2
723,3901-Lick-Mill-Blvd-Apt-322_Santa-Clara_CA_95054_M10030-89196,95054,2,2,1148,899000,783.1
724,39083-Walnut-Ter_Fremont_CA_94536_M90947-10266,94536,2,2,1104,669000,606
725,39090-Presidio-Way-Apt-237_Fremont_CA_94538_M20831-76905,94538,2,2,1552,700000,451
726,3916-Fernwood-St_San-Mateo_CA_94403_M14840-58706,94403,4,2,1900,1638000,862.1
727,3916-Kingridge-Dr_San-Mateo_CA_94403_M16752-36140,94403,4,3,2280,2295000,1006.6
728,3919-17th-St_San-Francisco_CA_94114_M17578-92855,94114,2,1,968,998000,1031
729,39224-Guardino-Dr-Apt-316_Fremont_CA_94538_M11397-60037,94538,2,2,1053,665000,631.5
730,3930-Borgo-Cmn_Fremont_CA_94538_M12747-35354,94538,2,2.5,1198,848000,707.8
731,39381-Sundale-Dr_Fremont_CA_94538_M21229-02399,94538,3,1,1064,850888,799.7
732,3944-3948-18th-St_San-Francisco_CA_94114_M16704-88324,94114,3,2,1275,1050000,823.5
733,39529-Dorrington-Ct_Fremont_CA_94538_M21139-95839,94538,4,2,1577,1099000,696.9
734,395-Sunset-Ave_Sunnyvale_CA_94086_M15810-83598,94086,3,2,1451,1898000,1308.1
735,3960-Branson-Dr_San-Mateo_CA_94403_M28301-93602,94403,3,2,1540,1598000,1037.7
736,3967-Fossano-Cmn_Fremont_CA_94538_M12117-57500,94538,2,2.5,1290,839900,651.1
737,39969-Besco-Dr_Fremont_CA_94538_M29342-07860,94538,3,2,1148,859000,748.3
738,39993-Fremont-Blvd-Apt-208_Fremont_CA_94538_M22174-75993,94538,2,2,1146,599800,523.4
739,39-Seward-St_San-Francisco_CA_94114_M22397-72645,94114,5,4,2982,3000000,1006
740,400-400-Mariners-Island-Blvd-Unit-220_San-Mateo_CA_94404_M21435-24862,94404,3,2,1262,1088888,862.8
741,40072-Kelly-St_Fremont_CA_94538_M22075-96514,94538,5,5,2165,1188000,548.7
742,400-Beale-St_San-Francisco_CA_94105_M25070-71252,94105,1,1,828,899000,1085.7
743,400-Beale-St-Apt-1105_San-Francisco_CA_94105_M22384-45439,94105,1,1,847,3350,4
744,400-Mariners-Island-Blvd-Unit-104_San-Mateo_CA_94404_M15133-62146,94404,3,2,1425,1250000,877.2
745,40109-Paseo-Padre-Pkwy_Fremont_CA_94538_M20685-20017,94538,3,2,1217,999000,820.9
746,4015-Rector-Cmn_Fremont_CA_94538_M21706-40072,94538,2,2,1067,615000,576.4
747,40172-Michelle-St_Fremont_CA_94538_M20740-35376,94538,4,2.5,1531,975000,636.8
748,401-Harrison-St-Apt-38A_San-Francisco_CA_94105_M26006-23134,94105,1,1,840,1285000,1529.8
749,402-Stephen-Rd_San-Mateo_CA_94403_M25188-22131,94403,3,2,1520,1588000,1044.7
750,40422-Gibson-St_Fremont_CA_94538_M23673-18344,94538,3,1,925,675000,729.7
751,40425-Chapel-Way-Apt-309_Fremont_CA_94538_M19952-17908,94538,2,2,1052,608888,578.8
752,4048-Malva-Ter_Fremont_CA_94536_M13306-05717,94536,4,1.5,1336,825000,617.5
753,40648-Robin-St_Fremont_CA_94538_M23830-07306,94538,4,2,1556,1048000,673.5
754,4078-Stanley-Ave_Fremont_CA_94538_M23232-32734,94538,4,2,2320,1150000,495.7
755,40826-Capa-Dr_Fremont_CA_94539_M17485-91900,94539,3,2,1536,1489000,969.4
756,408-28th-Ave_San-Mateo_CA_94403_M11414-84269,94403,4,3,2150,2585000,1202.3
757,4082-Davis-St_Santa-Clara_CA_95054_M20620-33480,95054,4,3,1992,1499999,753
758,40846-High-St_Fremont_CA_94538_M16596-08103,94538,4,3,2094,1368800,653.7
759,40909-High-St_Fremont_CA_94538_M20675-88368,94538,3,2,1248,1050000,841.3
760,40937-Canto-Pl_Fremont_CA_94539_M18472-72116,94539,6,4,3362,2180000,648.4
761,410-Auburn-Way-Apt-26_San-Jose_CA_95129_M11039-22155,95129,2,1.5,1099,588000,535
762,412-Mawing-Rd_San-Mateo_CA_94403_M28449-46510,94403,2,2.5,1372,1416000,1032.1
763,413-Cloverdale-Ln_Campbell_CA_95008_M15940-34902,95008,3,2.5,1988,1698000,854.1
764,4141-Deep-Creek-Rd-Spc-207_Fremont_CA_94555_M99616-18651,94555,2,2,1188,155000,130.5
765,4151-George-Ave-Apt-4_San-Mateo_CA_94403_M18109-50479,94403,2,2,1040,788000,757.7
766,41539-Patton-Ter_Fremont_CA_94538_M23765-60298,94538,3,2.5,1453,918000,631.8
767,415-Derby-Ave_San-Mateo_CA_94403_M22824-37500,94403,4,3.5,2071,1788000,863.4
768,41600-Carol-Ter_Fremont_CA_94538_M20847-67968,94538,3,2.5,1332,885000,664.4
769,416-N-Bayview-Ave_Sunnyvale_CA_94085_M25978-10307,94085,3,2,940,1250000,1329.8
770,41762-Olympus-Ave_Fremont_CA_94539_M17911-49607,94539,5,3,2308,2088888,905.1
771,418-Chapman-Ln_San-Mateo_CA_94403_M19394-70593,94403,3,3,1350,1399000,1036.3
772,419-Neves-Rd_San-Mateo_CA_94403_M15158-96230,94403,2,2.5,1560,1395000,894.2
773,41-N-Delaware-St_San-Mateo_CA_94401_M23727-76903,94401,5,3,1710,1195000,698.8
774,42012-Mission-Blvd_Fremont_CA_94539_M91739-80236,94539,4,4.5,3565,2888000,810.1
775,4203-Tobin-Cir_Santa-Clara_CA_95054_M26182-56224,95054,3,3,1590,1395000,877.4
776,4205-Marston-Ln_Santa-Clara_CA_95054_M22943-75993,95054,3,3.5,2128,1799900,845.8
777,4208-George-Ave-Apt-2_San-Mateo_CA_94403_M27971-82274,94403,2,2,1040,775000,745.2
778,420-Macarthur-Ave_San-Jose_CA_95128_M24297-73006,95128,4,3,2360,1250000,529.7
779,42111-Osgood-Rd_Fremont_CA_94539_M98012-84401,94539,1,1,1017,628336,617.8
780,4221-Raindeer-Rd_Fremont_CA_94555_M11063-02009,94555,3,2,1291,1159888,898.4
781,42232-Mission-Blvd_Fremont_CA_94539_M16238-69850,94539,3,2.5,2192,1699950,775.5
782,4226-Siena-Ct_San-Jose_CA_95135_M13571-68202,95135,3,2.5,1456,1088000,747.3
783,422-San-Eduardo-Ter_Sunnyvale_CA_94085_M12351-37646,94085,3,3.5,1691,1298000,767.6
784,4231-Pecos-Ave_Fremont_CA_94555_M10462-29309,94555,3,2,1372,1098000,800.3
785,4237-Jacinto-Dr_Fremont_CA_94536_M14051-74868,94536,3,2,1484,1130000,761.5
786,4238-George-Ave-Apt-1_San-Mateo_CA_94403_M29083-13534,94403,2,2,1040,838000,805.8
787,425-1st-St-Unit-802_San-Francisco_CA_94105_M13658-47069,94105,2,2,1309,1395000,1065.7
788,425-Emerson-St_Fremont_CA_94539_M28535-75733,94539,3,2,1356,1299888,958.6
789,425-N-El-Camino-Real-Unit-409_San-Mateo_CA_94401_M29207-97624,94401,2,2,1317,998000,757.8
790,42665-Roberts-Ave_Fremont_CA_94538_M26573-96439,94538,3,2,1151,995000,864.5
791,426-Chestnut-Park-Ct_San-Jose_CA_95136_M20923-33046,95136,4,2.5,2124,1128888,531.5
792,42771-Newport-Dr_Fremont_CA_94538_M26498-31453,94538,3,2,1151,980000,851.4
793,427-Coakley-Dr_San-Jose_CA_95117_M19797-52634,95117,3,2,1488,1380000,927.4
794,427-Escobar-St_Fremont_CA_94539_M28842-08338,94539,3,2,1218,1188000,975.4
795,4282-Dry--Ct_Santa-Clara_CA_95054_M22173-36407,95054,4,3,1800,1249000,693.9
796,4295-George-Ave-Apt-3_San-Mateo_CA_94403_M17973-37037,94403,1,1,840,665000,791.7
797,4302-Pecos-Ave_Fremont_CA_94555_M11249-72246,94555,3,2,1645,1250000,759.9
798,4303-Cahill-St_Fremont_CA_94538_M22970-34776,94538,3,2,1201,875000,728.6
799,43139-Grandbrook-Park-Ct_Fremont_CA_94538_M25577-84575,94538,3,2,1320,1159950,878.8
800,431-Rosemont-Dr_Santa-Clara_CA_95051_M29502-22953,95051,3,2,1056,1680000,1590.9
801,43210-Gatewood-St_Fremont_CA_94538_M24396-14271,94538,3,1,1008,925000,917.7
802,4323-Bidwell-Dr_Fremont_CA_94538_M21284-17759,94538,3,2.5,1685,949800,563.7
803,4338-26th-St_San-Francisco_CA_94131_M28523-80839,94131,4,2.5,2000,2648000,1324
804,43628-Skye-Rd_Fremont_CA_94539_M95802-74610,94539,4,2.5,2071,1600000,772.6
805,436-Central-Ave_Sunnyvale_CA_94086_M27914-44144,94086,2,1,901,1199000,1330.7
806,4374-Glidden-Way_Fremont_CA_94536_M20433-76878,94536,3,2,1390,1138888,819.3
807,4402-Cambria-St_Fremont_CA_94538_M21192-87603,94538,4,3,1847,1099999,595.6
808,4423-Latimer-Ave_San-Jose_CA_95130_M16450-98172,95130,3,2,1363,1348000,989
809,442-Costa-Mesa-Ter-Apt-B_Sunnyvale_CA_94085_M16315-78950,94085,2,1,880,698888,794.2
810,4443-Irvington-Ave_Fremont_CA_94538_M26802-89955,94538,3,2.5,1504,1100000,731.4
811,4444-Terra-Brava-Pl_San-Jose_CA_95121_M21618-17582,95121,5,3.5,4029,2465000,611.8
812,4449-Sacramento-Ave_Fremont_CA_94538_M20653-63784,94538,3,2,1056,859000,813.4
813,4465-Lafayette-St_Santa-Clara_CA_95054_M14967-85253,95054,3,2.5,1726,1149000,665.7
814,4466-Calypso-Ter_Fremont_CA_94555_M19714-35753,94555,4,2.5,1825,1198000,656.4
815,446-Greenwood-Dr_Santa-Clara_CA_95054_M21186-56191,95054,4,3,1914,1670000,872.5
816,44709-Aguila-Ter_Fremont_CA_94539_M28476-13182,94539,6,4.5,4838,3998000,826.4
817,4474-Red-Oak-Cmn_Fremont_CA_94538_M27706-47639,94538,3,2.5,1375,1200000,872.7
818,4478-Cahill-St_Fremont_CA_94538_M22918-17544,94538,3,2,1125,819999,728.9
819,4495-Burke-Way_Fremont_CA_94536_M20266-44470,94536,4,3.5,2297,1249000,543.8
820,44-Snyder-Way_Fremont_CA_94536_M27039-90240,94536,3,2,1376,1090000,792.2
821,450-E-Olive-Ave_Sunnyvale_CA_94086_M28231-57461,94086,5,3,2553,2298000,900.1
822,45128-Warm-Springs-Blvd-Unit-107_Fremont_CA_94539_M11661-46769,94539,1,1,800,812395,1015.5
823,45128-Warm-Springs-Blvd-Unit-250_Fremont_CA_94539_M95982-95938,94539,2,2,1300,929995,715.4
824,4513-Capewood-Ter_Fremont_CA_94538_M25230-52717,94538,3,1.5,1242,799950,644.1
825,4516-MacBeth-Ave_Fremont_CA_94555_M15686-97823,94555,4,2.5,2052,1428000,695.9
826,4519-Laird-Cir_Santa-Clara_CA_95054_M13125-65881,95054,3,2.5,1700,1299800,764.6
827,45268-Navigation-St-Unit-302_Fremont_CA_94539_M98516-44382,94539,3,2.5,1887,1348000,714.4
828,4533-Cerritos-Ave_Fremont_CA_94536_M18091-97695,94536,3,2,1074,900000,838
829,4543-San-Juan-Ave_Fremont_CA_94536_M18135-20544,94536,3,2,1136,899950,792.2
830,454-Hearst-Ave_San-Francisco_CA_94112_M20780-40044,94112,3,1,1365,1395000,1022
831,455-N-19th-St_San-Jose_CA_95112_M28836-86707,95112,2,1,986,799998,811.4
832,4565-19th-St_San-Francisco_CA_94114_M16698-66175,94114,5,3.5,4029,6000000,1489.2
833,45-Bartlett-St-Unit-408_San-Francisco_CA_94110_M19205-60833,94110,2,2,905,1049000,1159.1
834,45-Hobson-St-Apt-10A_San-Jose_CA_95110_M18759-86580,95110,2,1,907,608888,671.3
835,4613-Hampton-Falls-Pl_San-Jose_CA_95136_M28604-48593,95136,3,2.5,1992,899950,451.8
836,4621-Burke-Dr_Santa-Clara_CA_95054_M20955-14041,95054,3,2,1095,1050000,958.9
837,4621-Cheeney-St_Santa-Clara_CA_95054_M22379-44473,95054,3,2.5,1667,1488000,892.6
838,4635-Cerritos-Ave_Fremont_CA_94536_M17821-05355,94536,3,2,1756,1100000,626.4
839,4647-Demaret-Dr_Santa-Clara_CA_95054_M20809-05791,95054,3,2,1095,899000,821
840,4657-Joanna-Ct_Fremont_CA_94536_M13434-99733,94536,3,2,1232,1248888,1013.7
841,467-Bancroft-St_Santa-Clara_CA_95051_M27948-23973,95051,5,3,2229,1998888,896.8
842,4685-Albany-Cir-Apt-124_San-Jose_CA_95129_M27805-91440,95129,2,2,1350,819950,607.4
843,4703-Cheeney-St_Santa-Clara_CA_95054_M22409-25749,95054,3,2.5,1667,1299999,779.8
844,470-N-Winchester-Blvd-Apt-404_Santa-Clara_CA_95050_M21383-84396,95050,3,2,1284,699888,545.1
845,470-Sequoia-Dr_Sunnyvale_CA_94086_M29160-98722,94086,3,2,1417,1698000,1198.3
846,47103-Benns-Ter_Fremont_CA_94539_M10635-93038,94539,2,2,926,694500,750
847,47112-Warm-Springs-Blvd-Apt-109_Fremont_CA_94539_M14667-86843,94539,2,1,900,585000,650
848,47232-Cavanaugh-Cmn_Fremont_CA_94539_M16075-97473,94539,3,3.5,1771,1230000,694.5
849,472-Norwood-Cir_Santa-Clara_CA_95051_M19672-36106,95051,4,3.5,2398,1850000,771.5
850,472-N-Winchester-Blvd-Apt-7_Santa-Clara_CA_95050_M21313-03867,95050,3,2.5,1577,998000,632.8
851,4731-Pardee-Ave_Fremont_CA_94538_M28617-62868,94538,4,2.5,1701,1160000,682
852,47448-Hoyt-St_Fremont_CA_94539_M11363-86997,94539,5,3,1890,1549000,819.6
853,479-27th-Ave_San-Francisco_CA_94121_M21286-55417,94121,2,1,1550,1088888,702.5
854,4796-Quadres-Ct_Fremont_CA_94538_M27872-68249,94538,3,2,996,875000,878.5
855,4827-Boone-Dr_Fremont_CA_94538_M28708-18492,94538,3,1.5,1274,899888,706.3
856,4830-Balboa-Way_Fremont_CA_94536_M18789-22274,94536,2,2,960,535000,557.3
857,48398-Sawleaf-St_Fremont_CA_94539_M11095-18252,94539,3,2,1164,1298000,1115.1
858,48432-Silva-Pomar-Ter_Fremont_CA_94539_M90325-80127,94539,4,3.5,3010,2178000,723.6
859,4843-Yamato-Dr_San-Jose_CA_95111_M23828-19142,95111,4,2.5,2020,799000,395.5
860,4849-Allegro-Ct_Fremont_CA_94538_M29643-18742,94538,4,2,1444,1090000,754.8
861,484-Clipper-St_San-Francisco_CA_94114_M18900-33028,94114,4,2,2128,1495000,702.5
862,48619-Carlsbad-Rd_Fremont_CA_94539_M13489-51933,94539,3,2,1639,1399800,854.1
863,4867-Indian-River-Ct_San-Jose_CA_95136_M28158-72138,95136,3,2.5,1360,700000,514.7
864,490-Virginia-Pine-Ter_Sunnyvale_CA_94086_M11649-82936,94086,3,2.5+,1924,1349000,701.1
865,491-Holly-Hock-Ct_San-Jose_CA_95117_M14361-05692,95117,1,1,712,618888,869.2
866,4925-Seneca-Park-Loop_Fremont_CA_94538_M24673-40133,94538,3,2,1504,1198000,796.5
867,4942-Calle-de-Escuela_Santa-Clara_CA_95054_M21390-77928,95054,2,1.5,1108,748800,675.8
868,49-51-Barcelona-Ave_San-Francisco_CA_94115_M10530-11253,94115,7,5,4345,2900000,667.4
869,4999-Gazania-Dr_San-Jose_CA_95111_M13755-95248,95111,3,2,1374,799900,582.2
870,5001-Forest-View-Dr_San-Jose_CA_95129_M24759-09466,95129,4,2,1653,1575000,952.8
871,5016-Grey-Feather-Cir_San-Jose_CA_95136_M25664-13919,95136,2,1,816,529000,648.3
872,501-Beale-St-Unit-6D_San-Francisco_CA_94105_M14887-61887,94105,2,2,1259,1349000,1071.5
873,502-Enos-St_Fremont_CA_94539_M27961-91470,94539,4,3,2172,1699800,782.6
874,5060-Wayland-Ave_San-Jose_CA_95118_M23263-58090,95118,3,2,1232,935000,758.9
875,507-Bella-Calais-Way_San-Jose_CA_95138_M19916-37321,95138,4,2.5,1942,1259888,648.8
876,507-E-Duane-Ave_Sunnyvale_CA_94085_M25912-88767,94085,4,2.5,1694,1749000,1032.5
877,507-Sylvan-Ave_San-Mateo_CA_94403_M20581-17805,94403,3,1,1210,1549000,1280.2
878,5080-Plaza-Corona_Santa-Clara_CA_95054_M21461-95723,95054,3,1.5,1240,799900,645.1
879,50-Circular-Ave_San-Francisco_CA_94131_M16137-61336,94131,Studio,1,920,999000,1085.9
880,50-Cotter-St_San-Francisco_CA_94112_M27987-55148,94112,3,1,1584,1199995,757.6
881,50-Lakewood-Cir_San-Mateo_CA_94402_M24908-09514,94402,4,2.5,2650,2588000,976.6
882,50-Lansing-St-Unit-313_San-Francisco_CA_94105_M24027-07201,94105,1,1,783,849000,1084.3
883,50-Mounds-Rd-Apt-206_San-Mateo_CA_94402_M27267-98281,94402,2,2,2076,1488000,716.8
884,510-Lyndale-Ave_San-Jose_CA_95127_M26347-09796,95127,3,1,1130,825000,730.1
885,512-Capp-St_San-Francisco_CA_94110_M96321-59183,94110,5,4,1873,2248000,1200.2
886,514-Church-St_San-Francisco_CA_94114_M10561-18265,94114,3,1,1675,1595000,952.2
887,5150-Diamond-Heights-Blvd-Apt-201B_San-Francisco_CA_94131_M16224-32928,94131,2,1,990,798000,806.1
888,516-Hyde-Park-Dr_San-Jose_CA_95136_M12183-52566,95136,5,3,2533,1260000,497.4
889,517-Sardinia-Trl_Sunnyvale_CA_94089_M90227-98954,94089,4,3.5,2040,1448000,709.8
890,5206-Reeder-Ct_Fremont_CA_94536_M20215-39036,94536,4,2,1639,1279950,780.9
891,521-Woodstock-Way_Santa-Clara_CA_95054_M21120-22853,95054,4,2,1666,1425000,855.3
892,524-526-Vallejo-St_San-Francisco_CA_94133_M11900-60868,94133,5,5.5,3713,4995000,1345.3
893,5249-Cribari-Hls_San-Jose_CA_95135_M12698-99588,95135,2,2,1348,518888,384.9
894,5262-Camden-Ave_San-Jose_CA_95124_M13091-53221,95124,3,2,1372,1249000,910.3
895,527-Holthouse-Ter_Sunnyvale_CA_94087_M22741-38353,94087,2,2.5,1276,1190000,932.6
896,528-Stanyan-St_San-Francisco_CA_94117_M25061-10041,94117,6,2,5280,2925000,554
897,529-Broderick-St-Unit-A_San-Francisco_CA_94117_M11583-09793,94117,1,1,500,650000,1300
898,530-Junipero-Serra-Blvd_San-Francisco_CA_94127_M13157-34221,94127,5,4,2473,1850000,748.1
899,5322-Matthew-Ter_Fremont_CA_94555_M19917-03537,94555,3,2.5,1481,1098000,741.4
900,535-Girard-St_San-Francisco_CA_94134_M28173-62225,94134,4,2,1125,790000,702.2
901,5378-Studebaker-Cir_San-Jose_CA_95136_M29376-79983,95136,3,3,1347,974000,723.1
902,537-E-MC-Kinley-Ave-Apt-A_Sunnyvale_CA_94086_M10699-74989,94086,3,2.5,1764,1338000,758.5
903,539-Hamilton-St_San-Francisco_CA_94134_M11336-01039,94134,3,2,2433,1188000,488.3
904,539-Weatherly-Dr_San-Jose_CA_95134_M93464-22323,95134,3,2,1440,165000,114.6
905,540-S-8th-St_San-Jose_CA_95112_M22510-17727,95112,3,2,1092,949000,869
906,5425-Colony-Green-Dr_San-Jose_CA_95123_M22892-91776,95123,2,1,942,612888,650.6
907,5461-Spinnaker-Walkway-Apt-4_San-Jose_CA_95123_M20947-54322,95123,2,1,798,420000,526.3
908,546-Saratoga-Ave_Santa-Clara_CA_95050_M28782-99684,95050,2,1,990,970000,979.8
909,548-Utica-Dr_Sunnyvale_CA_94087_M24950-30837,94087,4,2.5,2108,2348000,1113.9
910,5505-Farina-Ln_Fremont_CA_94538_M29108-42114,94538,4,2,1324,799900,604.2
911,550-Los-Olivos-Dr_Santa-Clara_CA_95050_M29339-75002,95050,2,2,1700,1299000,764.1
912,5544-Cleveland-Pl_Fremont_CA_94538_M29585-79787,94538,5,3,1903,999000,525
913,554-Los-Olivos-Dr_Santa-Clara_CA_95050_M29440-36806,95050,2,2,1700,1199000,705.3
914,554-Toyon-Ave-Apt-11_San-Jose_CA_95127_M12983-88438,95127,3,2,1419,599888,422.8
915,555-4th-St-Unit-747_San-Francisco_CA_94107_M13737-45003,94107,Studio,1,454,599000,1319.4
916,555-Laurel-Ave-Apt-522_San-Mateo_CA_94401_M28840-11920,94401,2,2,1786,1600000,895.9
917,555-Laurel-Ave-Apt-608_San-Mateo_CA_94401_M14006-15186,94401,3,3.5,2893,2850000,985.1
918,5569-Perugia-Cir_San-Jose_CA_95138_M26546-12958,95138,5,4.5,4366,3100000,710
919,55-W-20th-Ave-Apt-202_San-Mateo_CA_94403_M28418-49618,94403,2,2,1234,899000,728.5
920,55-W-20th-Ave-Apt-313_San-Mateo_CA_94403_M13026-05757,94403,2,2,1198,925000,772.1
921,561-San-Pasqual-Ter-Apt-2_Sunnyvale_CA_94085_M98415-09672,94085,4,3.5,2014,1538000,763.7
922,5640-Coniston-Way_San-Jose_CA_95118_M21635-25518,95118,3,2,1555,1199000,771.1
923,5726-San-Lorenzo-Dr_San-Jose_CA_95123_M21223-33353,95123,4,2,1530,869000,568
924,574-Leyte-Ter_Sunnyvale_CA_94089_M24187-01811,94089,3,2.5,1600,1299000,811.9
925,5766-Via-Lugano_Fremont_CA_94555_M16087-15452,94555,4,3.5,2090,1190000,569.4
926,577-E-Taylor-Ave-Apt-J_Sunnyvale_CA_94085_M26618-33196,94085,2,2,970,749000,772.2
927,5799-Barnswell-Way_San-Jose_CA_95138_M25604-61518,95138,4,3,1987,998000,502.3
928,582-Manzanita-Ave_Sunnyvale_CA_94085_M26475-60340,94085,4,3,1609,1498000,931
929,585-Columbia-Ave_Sunnyvale_CA_94085_M26277-72125,94085,3,2.5+,1955,1950000,997.4
930,587-San-Remi-Ter-54_Sunnyvale_CA_94085_M22094-66841,94085,4,3.5,1882,1500000,797
931,5936-Liska-Ln_San-Jose_CA_95119_M16736-98820,95119,4,3,2039,1158000,567.9
932,5962-Pala-Mesa-Dr_San-Jose_CA_95123_M29363-27037,95123,4,2.5,2734,1450000,530.4
933,5976-Mayflower-Ct_San-Jose_CA_95129_M19003-30687,95129,4,2,1687,1998000,1184.4
934,59-Tilton-Ter_San-Mateo_CA_94401_M27384-41702,94401,2,2,1732,1599000,923.2
935,600-E-Weddell-Dr-Spc-147_Sunnyvale_CA_94089_M28089-18691,94089,3,2,1344,130000,96.7
936,600-E-Weddell-Dr-Spc-80_Sunnyvale_CA_94089_M26053-59944,94089,3,2,1248,205000,164.3
937,601-Laurel-Ave-Apt-305_San-Mateo_CA_94401_M23734-68509,94401,3,2.5,1900,995000,523.7
938,601-Poinsettia-Ave_San-Mateo_CA_94403_M24339-82101,94403,4,2,1527,1749000,1145.4
939,601-Woodhams-Rd_Santa-Clara_CA_95051_M28253-07513,95051,5,3,1962,1599900,815.4
940,602-Arcadia-Ter-Unit-205_Sunnyvale_CA_94085_M16639-00659,94085,2,2,1160,895000,771.6
941,602-Cypress-Ave_Sunnyvale_CA_94085_M27463-89620,94085,3,2,1406,1300000,924.6
942,606-31st-Ave_San-Mateo_CA_94403_M12228-73087,94403,3,2.5,1450,1650000,1137.9
943,606-Arcadia-Ter-Unit-305_Sunnyvale_CA_94085_M26932-48386,94085,2,2,1160,950000,819
944,606-El-Portal-Ave_Fremont_CA_94536_M24781-95894,94536,3,2,1407,1000000,710.7
945,606-S-Humboldt-St-Apt-1_San-Mateo_CA_94402_M28435-45325,94402,2,1.5,985,898000,911.7
946,608-Alberta-Ave_Sunnyvale_CA_94087_M27864-53319,94087,4,3,1933,2048000,1059.5
947,609-16th-Ave_San-Francisco_CA_94118_M17827-04301,94118,4,1.5,1926,1595000,828.1
948,609-Pine-Ave_Sunnyvale_CA_94085_M26288-90103,94085,3,2,1565,1528000,976.4
949,612-Santa-Cruz-Ter_Sunnyvale_CA_94085_M26141-32790,94085,3,2.5,1468,1498000,1020.4
950,615-Arcadia-Ter-Unit-102_Sunnyvale_CA_94085_M27124-77612,94085,1,1,867,729000,840.8
951,616-Lakehaven-Ter_Sunnyvale_CA_94089_M14649-00526,94089,3,2.5,1565,1100000,702.9
952,617-Hobart-Ave_San-Mateo_CA_94402_M18354-76544,94402,3,2,1440,1690000,1173.6
953,618-E-MC-Kinley-Ave_Sunnyvale_CA_94086_M10678-50830,94086,3,1,1391,1248000,897.2
954,6214-Via-de-Adrianna_San-Jose_CA_95120_M20137-58769,95120,4,2,1754,1550000,883.7
955,621-Alta-Ave_San-Mateo_CA_94403_M27125-90511,94403,5,3.5,3320,2399000,722.6
956,621-Kiely-Blvd_Santa-Clara_CA_95051_M28790-45003,95051,4,3,1649,1349999,818.7
957,625-16th-Ave_San-Francisco_CA_94118_M10998-90706,94118,3,2.5,2092,1745000,834.1
958,6277-Valroy-Dr_San-Jose_CA_95123_M28329-48163,95123,4,2,1619,1000000,617.7
959,630-Park-Ct_Santa-Clara_CA_95050_M21273-16411,95050,2,1,908,998000,1099.1
960,631-Folsom-St-Apt-16A_San-Francisco_CA_94107_M19419-19049,94107,2,2,1136,1395000,1228
961,631-Ofarrell-St-Apt-605_San-Francisco_CA_94109_M25002-94140,94109,Studio,1,520,499000,959.6
962,637-Boardwalk_San-Jose_CA_95112_M19649-39221,95112,3,2.5,1507,818888,543.4
963,637-Cambridge-Dr_Santa-Clara_CA_95051_M27973-58057,95051,3,2,1874,1699000,906.6
964,638-Pico-Ave_San-Mateo_CA_94403_M21735-53174,94403,3,2,1920,2088000,1087.5
965,638-S-Ahwanee-Ter_Sunnyvale_CA_94085_M26965-27789,94085,3,2.5,1688,1150000,681.3
966,643-Anderson-St_San-Francisco_CA_94110_M16740-76891,94110,3,2,1196,1249000,1044.3
967,643-Campbell-Ave_San-Francisco_CA_94134_M15998-72512,94134,3,1,1182,899000,760.6
968,643-Natoma-St_San-Francisco_CA_94103_M20678-15905,94103,3,1,830,995000,1198.8
969,644-Johanna-Ave_Sunnyvale_CA_94085_M27377-43921,94085,3,1,999,798000,798.8
970,644-Scott-Blvd_Santa-Clara_CA_95050_M28185-25112,95050,2,1,1019,879999,863.6
971,645-Smoke-Tree-Way_Sunnyvale_CA_94086_M28910-56008,94086,5,2.5,2370,2199000,927.8
972,6470-Frederick-St_San-Francisco_CA_94117_M18439-80882,94117,1,1,590,749000,1269.5
973,648-Cambridge-Dr_Santa-Clara_CA_95051_M27891-59549,95051,4,3,1920,1698000,884.4
974,649-Mississippi-St_San-Francisco_CA_94107_M23019-96986,94107,4,3,2080,1995000,959.1
975,652-654-Guerrero-St_San-Francisco_CA_94110_M16482-03290,94110,4,2,2865,2495000,870.9
976,652-Newlands-Ave_San-Mateo_CA_94403_M16701-79344,94403,3,2.5,1860,1877000,1009.1
977,655-5th-St-Apt-20_San-Francisco_CA_94107_M14788-30560,94107,1,2,986,825000,836.7
978,657-Endicott-Dr_Sunnyvale_CA_94087_M18243-70192,94087,4,2.5,2221,2095000,943.3
979,658-Arrowhead-Dr_San-Jose_CA_95123_M11724-50372,95123,4,2,1321,975000,738.1
980,65-Collingwood-St-Apt-4_San-Francisco_CA_94114_M18543-95718,94114,2,1,960,795000,828.1
981,662-Briarcliff-Ct_Santa-Clara_CA_95051_M27845-38572,95051,4,2,1418,1650000,1163.6
982,669-Barneson-Ave_San-Mateo_CA_94402_M29430-31727,94402,4,3,2370,2498000,1054
983,678-Connie-Ave_San-Mateo_CA_94402_M22827-79652,94402,3,2,1400,1498888,1070.6
984,680-27th-St_San-Francisco_CA_94131_M14122-38491,94131,3,2,1818,2395000,1317.4
985,683-San-Patricio-Ave_Sunnyvale_CA_94085_M27394-95420,94085,5,2.5,1856,1598000,861
986,684-Pinnacles-Ter_Sunnyvale_CA_94085_M20783-06468,94085,3,3,1487,1299800,874.1
987,686-S-Van-Ness-Ave_San-Francisco_CA_94110_M17917-93489,94110,3,1,1260,1150000,912.7
988,686-Webster-Dr_San-Jose_CA_95133_M11437-36703,95133,4,2,1392,865000,621.4
989,687-Los-Olivos-Dr_Santa-Clara_CA_95050_M28482-26068,95050,3,2,1085,1198888,1105
990,688-Mariners-Island-Blvd-Apt-204_San-Mateo_CA_94404_M25622-20507,94404,1,1,726,680000,936.6
991,690-Persian-Dr-Spc-86_Sunnyvale_CA_94089_M96082-58270,94089,2,2,1860,180000,96.8
992,694-Port-Dr_San-Mateo_CA_94404_M25092-07517,94404,3,2.5,1800,1590000,883.3
993,695-S-Knickerbocker-Dr-Apt-12_Sunnyvale_CA_94087_M22807-14403,94087,2,2.5,1257,999000,794.7
994,6-Seville-Way-Apt-305_San-Mateo_CA_94402_M25049-42753,94402,2,1,980,750000,765.3
995,701-Dona-Ave_Sunnyvale_CA_94087_M23336-69307,94087,4,2,1347,1738000,1290.3
996,701-Minnesota-St-Apt-113_San-Francisco_CA_94107_M28694-82758,94107,2,1,1409,1395000,990.1
997,706-Douglass-St_San-Francisco_CA_94114_M20389-48070,94114,3,2,1895,1698000,896
998,711-Old-Canyon-Rd-Spc-156_Fremont_CA_94536_M29242-36576,94536,2,2,1248,239000,191.5
999,711-Old-Canyon-Rd-Spc-71_Fremont_CA_94536_M19103-41099,94536,2,2,1344,194900,145
1000,711-S-Bayshore-Blvd-Apt-4_San-Mateo_CA_94401_M13103-57073,94401,1,1,650,380000,584.6
1001,715-Ashbury-St_San-Francisco_CA_94117_M12611-78807,94117,5,2.5,2975,2675000,899.2
1002,718-Choctaw-Dr_San-Jose_CA_95123_M12992-29108,95123,3,2,1072,949000,885.3
1003,718-Long-Bridge-St-Apt-514_San-Francisco_CA_94158_M14308-05671,94158,3,3,1958,2995000,1529.6
1004,720-York-St-Unit-212_San-Francisco_CA_94110_M21360-89010,94110,1,1,720,748000,1038.9
1005,721-Rolph-St_San-Francisco_CA_94112_M21487-62579,94112,4,3,2041,1195000,585.5
1006,72-Putnam-St_San-Francisco_CA_94110_M16528-76054,94110,2,2,1278,1275000,997.7
1007,7312-Rainbow-Dr_Cupertino_CA_95014_M15370-18653,95014,4,4,2036,1899800,933.1
1008,731-Enright-Ave_Santa-Clara_CA_95050_M28841-87703,95050,3,2,1362,1239000,909.7
1009,7328-Rainbow-Dr_Cupertino_CA_95014_M21716-21795,95014,4,4,1948,1899800,975.3
1010,735-Geary-St-Apt-301_San-Francisco_CA_94109_M14681-27222,94109,1,1,822,629000,765.2
1011,7365-Forsum-Rd_San-Jose_CA_95138_M17440-53771,95138,4,3,1827,1049888,574.7
1012,737-Carlisle-Way_Sunnyvale_CA_94087_M12777-53347,94087,3,2,1407,1788000,1270.8
1013,738-Valley-Ct_Santa-Clara_CA_95051_M27767-49990,95051,3,2.5,1684,1595000,947.1
1014,741-Fallon-Ave_San-Mateo_CA_94401_M17540-10045,94401,3,3,1320,1298000,983.3
1015,742-Enright-Ave_Santa-Clara_CA_95050_M28684-98741,95050,2,1,1184,1049000,886
1016,743-Carolina-St_San-Francisco_CA_94107_M21078-04160,94107,2,2,1225,2098000,1712.7
1017,743-Salberg-Ave_Santa-Clara_CA_95051_M29209-69188,95051,3,2,1643,1399000,851.5
1018,750-28th-Ave_San-Mateo_CA_94403_M20304-29210,94403,4,3.5,2480,1995000,804.4
1019,7544-Kingsbury-Pl_Cupertino_CA_95014_M24588-97394,95014,4,3,2441,2598000,1064.3
1020,7544-Kirwin-Ln_Cupertino_CA_95014_M23100-94487,95014,4,2,1433,2098000,1464.1
1021,7558-Morevern-Cir_San-Jose_CA_95135_M23102-67427,95135,2,2,1572,699000,444.7
1022,755-Seneca-Ter_Sunnyvale_CA_94087_M15437-40341,94087,3,3.5,1564,1438000,919.4
1023,758-Los-Olivos-Dr_Santa-Clara_CA_95050_M28946-96698,95050,4,2,1854,1449800,782
1024,7625-Rainbow-Dr_Cupertino_CA_95014_M24355-68914,95014,4,2,1629,1799950,1104.9
1025,765-Toyon-Ave_San-Jose_CA_95127_M23289-49036,95127,3,1,1027,724888,705.8
1026,767-Panorama-Dr_San-Francisco_CA_94131_M28489-71968,94131,3,2.5,1849,1940000,1049.2
1027,770-Harrison-St-Apt-14_Santa-Clara_CA_95050_M17570-28250,95050,2,2.5,1201,849900,707.7
1028,788-Junipero-Serra-Blvd_San-Francisco_CA_94127_M16990-25812,94127,3,2,1504,1395000,927.5
1029,791-793-9th-Ave_San-Francisco_CA_94118_M17004-21100,94118,2,2,1722,895000,519.7
1030,791-Lakechime-Dr_Sunnyvale_CA_94089_M22793-84201,94089,4,2,1468,1000000,681.2
1031,796-Ponderosa-Ave_Sunnyvale_CA_94086_M28958-26049,94086,3,2,1631,1788000,1096.3
1032,798-Golden-Creek-Ter_San-Jose_CA_95111_M13213-21514,95111,3,3,1640,743000,453
1033,7-E-Poplar-Ave_San-Mateo_CA_94401_M16690-20951,94401,3,2,1776,1690000,951.6
1034,801-N-Humboldt-St-Apt-202_San-Mateo_CA_94401_M25522-70500,94401,1,1,758,625000,824.5
1035,801-Woodhams-Oaks-Pl_Santa-Clara_CA_95051_M27106-40208,95051,2,2.5,893,874999,979.8
1036,802-Barneson-Ave_San-Mateo_CA_94402_M13608-46127,94402,3,2,2020,2048000,1013.9
1037,803-Lakemuir-Dr_Sunnyvale_CA_94089_M22708-50300,94089,3,2,1000,1129950,1130
1038,803-N-Humboldt-St-Apt-307_San-Mateo_CA_94401_M18604-28278,94401,1,1,693,608000,877.3
1039,804-Bermuda-Dr_San-Mateo_CA_94403_M23722-92446,94403,4,3,1820,1398000,768.1
1040,8055-Park-Villa-Cir_Cupertino_CA_95014_M21980-73064,95014,3,2,1136,1377777,1212.8
1041,8083-Park-Villa-Cir_Cupertino_CA_95014_M22342-21028,95014,2,2,942,1288888,1368.2
1042,814-N-Delaware-St-Apt-204_San-Mateo_CA_94401_M27855-29406,94401,2,1,903,710000,786.3
1043,815-Pear-Ave_Sunnyvale_CA_94087_M24056-29842,94087,3,2.5,2248,2228000,991.1
1044,815-Tennessee-St-Unit-513_San-Francisco_CA_94107_M90078-40983,94107,2,2,859,1300000,1513.4
1045,816-Wharfside-Rd_San-Mateo_CA_94404_M17082-08275,94404,2,2,1230,1180000,959.3
1046,818-N-Delaware-St-Apt-309_San-Mateo_CA_94401_M16607-45986,94401,2,1,903,689000,763
1047,820-San-Pablo-Ave_Sunnyvale_CA_94085_M26383-18386,94085,3,2,1112,1149000,1033.3
1048,821-Blue-Opal-Dr_San-Jose_CA_95123_M23024-97735,95123,3,3.5,1901,899000,472.9
1049,821-N-Humboldt-St-Apt-307_San-Mateo_CA_94401_M17233-15503,94401,2,2,1204,800000,664.5
1050,823-Woodhams-Oaks-Pl_Santa-Clara_CA_95051_M26694-61342,95051,3,2.5,1187,975000,821.4
1051,824-Blossom-Hill-Rd-Apt-3_San-Jose_CA_95123_M12783-34287,95123,2,1,903,449999,498.3
1052,826-Blue-Opal-Dr_San-Jose_CA_95123_M23010-07097,95123,4,2.5,2030,1169888,576.3
1053,828-Muender-Ave_Sunnyvale_CA_94086_M15709-09996,94086,5,3.5,2484,2599900,1046.7
1054,8300-Oceanview-Ter-Apt-303_San-Francisco_CA_94132_M15105-55126,94132,1,1,688,605000,879.4
1055,830-Bing-Dr_Santa-Clara_CA_95051_M26895-84951,95051,3,2.5,1659,1250000,753.5
1056,830-Tamarack-Ln_Sunnyvale_CA_94086_M29062-60513,94086,4,3,1937,2299000,1186.9
1057,831-Pomeroy-Ave-Unit-3_Santa-Clara_CA_95051_M26250-51741,95051,2,1.5,954,679000,711.7
1058,831-W-California-Ave-Unit-R_Sunnyvale_CA_94086_M15943-13008,94086,2,1.5,760,699800,920.8
1059,833-N-Humboldt-St-Apt-319_San-Mateo_CA_94401_M17128-81039,94401,1,1,473,580000,1226.2
1060,841-Rancho-Arroyo-Pkwy_Fremont_CA_94536_M25135-61274,94536,4,2,2157,1458000,675.9
1061,842-W-Grant-Pl_San-Mateo_CA_94402_M10261-34804,94402,2,1,970,1198000,1235.1
1062,845-N-Humboldt-St-Apt-404_San-Mateo_CA_94401_M25714-25194,94401,2,2,1204,825000,685.2
1063,845-Woodside-Way-Apt-206_San-Mateo_CA_94401_M20118-51175,94401,2,2,894,758800,848.8
1064,846-Alderbrook-Ln_Cupertino_CA_95014_M25630-55704,95014,3,2,1201,1800000,1498.8
1065,846-Junipero-Serra-Blvd_San-Francisco_CA_94127_M13196-84411,94127,3,3,1424,1579000,1108.8
1066,850-Bellomy-St-Apt-12_Santa-Clara_CA_95050_M21135-65278,95050,2,1.5,1165,949000,814.6
1067,850-W-Grant-Pl_San-Mateo_CA_94402_M18000-25260,94402,3,2,1210,1380000,1140.5
1068,851-San-Pablo-Ave_Sunnyvale_CA_94085_M27004-40712,94085,3,2,1715,1248000,727.7
1069,859-N-Humboldt-St_San-Mateo_CA_94401_M17701-96059,94401,2,1.5,1152,777000,674.5
1070,85-Mountain-View-Ave_San-Jose_CA_95127_M25510-31308,95127,2,1.5,1297,799000,616
1071,860-Tybalt-Dr_San-Jose_CA_95127_M19144-86670,95127,4,3,2388,1148800,481.1
1072,864-Louise-Dr_Sunnyvale_CA_94087_M18411-02600,94087,4,2,1966,2298000,1168.9
1073,867-Hanover-Ave_Sunnyvale_CA_94087_M24102-13553,94087,4,2.5,1804,2195000,1216.7
1074,869-San-Mateo-Ct_Sunnyvale_CA_94085_M26926-89396,94085,3,1.5,1112,1270000,1142.1
1075,86-N-33rd-St_San-Jose_CA_95116_M13885-13935,95116,3,1,905,769000,849.7
1076,870-Lois-Ave_Sunnyvale_CA_94087_M23215-95142,94087,3,2,1367,1728800,1264.7
1077,875-Madison-St_Santa-Clara_CA_95050_M28000-93877,95050,5,4,2586,1695000,655.5
1078,880-E-Fremont-Ave-Apt-623_Sunnyvale_CA_94087_M12224-12566,94087,2,2,930,845888,909.6
1079,880-N-Winchester-Blvd-Apt-204_Santa-Clara_CA_95050_M19906-99466,95050,1,1,931,649000,697.1
1080,88-E-San-Fernando-St-Unit-1806_San-Jose_CA_95113_M14260-94542,95113,Studio,1,673,589000,875.2
1081,88-King-St-Unit-1407_San-Francisco_CA_94107_M13011-02552,94107,3,3.5,3596,2995000,832.9
1082,88-King-St-Unit-1408_San-Francisco_CA_94107_M13011-39818,94107,3,2,1350,1349000,999.3
1083,88-King-St-Unit-1409_San-Francisco_CA_94107_M13010-65286,94107,2,2,1105,1095000,991
1084,891-Coolidge-Ave_Sunnyvale_CA_94086_M16048-96535,94086,3,1,975,999999,1025.6
1085,891-Rubis-Dr_Sunnyvale_CA_94087_M24544-85492,94087,4,2.5,2178,2349000,1078.5
1086,895-DE-Guigne-Dr-Unit-2_Sunnyvale_CA_94085_M94887-92173,94085,4,3.5,2014,1578000,783.5
1087,898-Rubis-Dr_Sunnyvale_CA_94087_M24184-12060,94087,5,3.5,2558,2588000,1011.7
1088,89-Santos-Ct_Fremont_CA_94536_M26500-66421,94536,4,2.5,2626,1499888,571.2
1089,8-Buchanan-St-Unit-304_San-Francisco_CA_94102_M13788-56947,94102,1,1,633,690000,1090
1090,8-Buchanan-St-Unit-612_San-Francisco_CA_94102_M19407-69276,94102,2,1,1107,1195000,1079.5
1091,900-Bush-St-Apt-409_San-Francisco_CA_94109_M27516-60471,94109,1,1,632,647500,1024.5
1092,900-Bush-St-Apt-806_San-Francisco_CA_94109_M18465-92311,94109,1,1,730,725000,993.2
1093,900-Washington-Blvd_Fremont_CA_94539_M28502-21798,94539,4,2.5,1844,1368000,741.9
1094,901-Carson-Dr_Sunnyvale_CA_94086_M16152-56467,94086,3,2,1525,1799999,1180.3
1095,903-E-16th-Ave_San-Mateo_CA_94402_M20015-59477,94402,3,1,1170,1298000,1109.4
1096,907-Carson-Dr_Sunnyvale_CA_94086_M16244-98421,94086,3,2,1210,1650000,1363.6
1097,911-Liberty-Ct_Cupertino_CA_95014_M22317-61476,95014,5,3.5,2317,2588000,1117
1098,915-Mockingbird-Ln_Sunnyvale_CA_94087_M26599-26822,94087,4,2,1687,1998000,1184.4
1099,925-Glen-Valley-Ter_Sunnyvale_CA_94085_M18497-81895,94085,2,2.5,1327,1088000,819.9
1100,925-Peppertree-Ln_Santa-Clara_CA_95051_M22921-00537,95051,4,2.5,1931,1748000,905.2
1101,932-Peninsula-Ave-Apt-401_San-Mateo_CA_94401_M17521-96609,94401,Studio,1,492,529000,1075.2
1102,934-Catkin-Ct_San-Jose_CA_95128_M24652-48257,95128,1,1,658,448888,682.2
1103,934-Kiely-Blvd-Unit-F_Santa-Clara_CA_95051_M26738-95989,95051,1,1,440,390000,886.4
1104,935-Sanchez-Pl_Santa-Clara_CA_95050_M94453-97219,95050,4,3,2178,1550000,711.7
1105,938-Peninsula-Ave_San-Mateo_CA_94401_M28536-51549,94401,2,1.5,1152,898000,779.5
1106,938-Shoreline-Dr_San-Mateo_CA_94404_M16912-52271,94404,2,2,1165,1118000,959.7
1107,93-Lakewood-Cir_San-Mateo_CA_94402_M17729-10175,94402,5,3,3230,3050000,944.3
1108,944-Kiely-Blvd-Unit-B_Santa-Clara_CA_95051_M27516-32745,95051,1,1,440,369950,840.8
1109,946-Kiely-Blvd-Unit-H_Santa-Clara_CA_95051_M27044-16796,95051,2,2,956,580000,606.7
1110,947-Garrity-Way_Santa-Clara_CA_95054_M10741-66384,95054,4,2.5,2331,1899000,814.7
1111,950-S-Fremont-St_San-Mateo_CA_94402_M22258-85930,94402,3,2,1260,1395000,1107.1
1112,952-S-11th-St-Unit-230_San-Jose_CA_95112_M10053-17694,95112,2,2,1241,599000,482.7
1113,953-S-Van-Ness-Ave-Apt-3_San-Francisco_CA_94110_M21519-82276,94110,2,2,1147,1249000,1088.9
1114,957-E-Grant-Pl_San-Mateo_CA_94402_M18719-85795,94402,2,1,1095,1298000,1185.4
1115,95-Melrose-Ave_San-Francisco_CA_94131_M17719-74858,94131,3,2,1325,1598000,1206
1116,960-Sunbonnet-Loop_San-Jose_CA_95125_M25540-22030,95125,5,3,2200,1200000,545.5
1117,961-Las-Palmas-Dr_Santa-Clara_CA_95051_M25777-12591,95051,3,2,1166,1298000,1113.2
1118,964-S-Norfolk-St_San-Mateo_CA_94401_M29120-89622,94401,3,1,1132,1289000,1138.7
1119,966-Bellhurst-Ave_San-Jose_CA_95122_M13600-76872,95122,2,1.5,986,499900,507
1120,96-Kenbrook-Cir_San-Jose_CA_95111_M23294-56238,95111,1,1,950,479000,504.2
1121,971-Minnesota-Ave_San-Jose_CA_95125_M20252-91616,95125,2,2,1121,1070000,954.5
1122,974-Alpine-Ter-Unit-1_Sunnyvale_CA_94086_M16767-82538,94086,2,2.5,1586,1099000,692.9
1123,974-Kiely-Blvd-Unit-C_Santa-Clara_CA_95051_M27608-74699,95051,2,2,956,649999,679.9
1124,975-S-Monroe-St_San-Jose_CA_95128_M21016-12266,95128,3,1.5,1301,1188888,913.8
1125,977-Warburton-Ave-Apt-104_Santa-Clara_CA_95050_M13368-68504,95050,2,2,876,669800,764.6
1126,980-Kiely-Blvd-Unit-203_Santa-Clara_CA_95051_M27631-10655,95051,1,1,622,389950,626.9
1127,980-Kiely-Blvd-Unit-225_Santa-Clara_CA_95051_M27732-46992,95051,1,1,622,410000,659.2
1128,980-Kiely-Blvd-Unit-324_Santa-Clara_CA_95051_M27532-72447,95051,1,1,622,389888,626.8
1129,984-Kiely-Blvd-Unit-G_Santa-Clara_CA_95051_M27066-52753,95051,2,1,882,585000,663.3
1130,985-Avila-Terraza_Fremont_CA_94538_M18218-54387,94538,3,3,1713,880000,513.7
1131,989-20th-St-Unit-565_San-Francisco_CA_94107_M28147-36152,94107,1,1.5,835,999000,1196.4
1132,989-Asilomar-Ter-Apt-6_Sunnyvale_CA_94086_M15729-59623,94086,3,2,1895,1399000,738.3
1133,990-E-Duane-Ave-100_Sunnyvale_CA_94085_M22117-77329,94085,2,2.5,1198,1099000,917.4
1134,992-Alpine-Ter-Unit-5_Sunnyvale_CA_94086_M15475-44250,94086,2,2.5,1553,1158000,745.7
1135,993-Asilomar-Ter-Apt-2_Sunnyvale_CA_94086_M15945-11474,94086,2,2.5,1553,1118888,720.5
1136,995-La-Mesa-Ter-Unit-D_Sunnyvale_CA_94086_M15933-06827,94086,2,2.5,2120,1250000,589.6
1137,999-W-Evelyn-Ter-Apt-98_Sunnyvale_CA_94086_M10059-46935,94086,2,1,822,608888,740.7
1138,Fremont_CA_94538_M20599-22956,94538,3,2,1376,950000,690.4
1139,Mission-Blvd_Fremont_CA_94536_M12061-67609,94536,3,3.5,1638,949000,579.4
1140,San-Jose_CA_95131_M21396-00782,95131,4,2,1168,898000,768.8
